DATAFLOW,LAST UPDATE,freq,unit,sex,age,isced11,geo,TIME_PERIOD,OBS_VALUE,OBS_FLAG
ESTAT:TPS00066(1.0),13/06/24 23:00:00,A,PC,T,Y25-64,ED0-2,AT,2012,8.7,
ESTAT:TPS00066(1.0),13/06/24 23:00:00,A,PC,T,Y25-64,ED0-2,AT,2013,9.5,
ESTAT:TPS00066(1.0),13/06/24 23:00:00,A,PC,T,Y25-64,ED0-2,AT,2014,10.8,b
ESTAT:TPS00066(1.0),13/06/24 23:00:00,A,PC,T,Y25-64,ED0-2,AT,2015,10.6,
ESTAT:TPS00066(1.0),13/06/24 23:00:00,A,PC,T,Y25-64,ED0-2,AT,2016,11.7,
ESTAT:TPS00066(1.0),13/06/24 23:00:00,A,PC,T,Y25-64,ED0-2,AT,2017,12.5,
ESTAT:TPS00066(1.0),13/06/24 23:00:00,A,PC,T,Y25-64,ED0-2,AT,2018,10.9,
ESTAT:TPS00066(1.0),13/06/24 23:00:00,A,PC,T,Y25-64,ED0-2,AT,2019,10.0,
ESTAT:TPS00066(1.0),13/06/24 23:00:00,A,PC,T,Y25-64,ED0-2,AT,2020,11.7,
ESTAT:TPS00066(1.0),13/06/24 23:00:00,A,PC,T,Y25-64,ED0-2,AT,2021,13.6,b
ESTAT:TPS00066(1.0),13/06/24 23:00:00,A,PC,T,Y25-64,ED0-2,AT,2022,10.8,
ESTAT:TPS00066(1.0),13/06/24 23:00:00,A,PC,T,Y25-64,ED0-2,AT,2023,10.9,
ESTAT:TPS00066(1.0),13/06/24 23:00:00,A,PC,T,Y25-64,ED0-2,BA,2021,24.7,b
ESTAT:TPS00066(1.0),13/06/24 23:00:00,A,PC,T,Y25-64,ED0-2,BA,2022,25.1,
ESTAT:TPS00066(1.0),13/06/24 23:00:00,A,PC,T,Y25-64,ED0-2,BA,2023,22.9,
ESTAT:TPS00066(1.0),13/06/24 23:00:00,A,PC,T,Y25-64,ED0-2,BE,2012,12.1,
ESTAT:TPS00066(1.0),13/06/24 23:00:00,A,PC,T,Y25-64,ED0-2,BE,2013,13.5,
ESTAT:TPS00066(1.0),13/06/24 23:00:00,A,PC,T,Y25-64,ED0-2,BE,2014,14.3,b
ESTAT:TPS00066(1.0),13/06/24 23:00:00,A,PC,T,Y25-64,ED0-2,BE,2015,14.8,
ESTAT:TPS00066(1.0),13/06/24 23:00:00,A,PC,T,Y25-64,ED0-2,BE,2016,14.5,
ESTAT:TPS00066(1.0),13/06/24 23:00:00,A,PC,T,Y25-64,ED0-2,BE,2017,13.1,b
ESTAT:TPS00066(1.0),13/06/24 23:00:00,A,PC,T,Y25-64,ED0-2,BE,2018,11.9,
ESTAT:TPS00066(1.0),13/06/24 23:00:00,A,PC,T,Y25-64,ED0-2,BE,2019,10.4,
ESTAT:TPS00066(1.0),13/06/24 23:00:00,A,PC,T,Y25-64,ED0-2,BE,2020,10.7,
ESTAT:TPS00066(1.0),13/06/24 23:00:00,A,PC,T,Y25-64,ED0-2,BE,2021,12.9,b
ESTAT:TPS00066(1.0),13/06/24 23:00:00,A,PC,T,Y25-64,ED0-2,BE,2022,11.4,
ESTAT:TPS00066(1.0),13/06/24 23:00:00,A,PC,T,Y25-64,ED0-2,BE,2023,11.4,
ESTAT:TPS00066(1.0),13/06/24 23:00:00,A,PC,T,Y25-64,ED0-2,BG,2012,27.0,
ESTAT:TPS00066(1.0),13/06/24 23:00:00,A,PC,T,Y25-64,ED0-2,BG,2013,28.5,
ESTAT:TPS00066(1.0),13/06/24 23:00:00,A,PC,T,Y25-64,ED0-2,BG,2014,27.5,b
ESTAT:TPS00066(1.0),13/06/24 23:00:00,A,PC,T,Y25-64,ED0-2,BG,2015,24.7,
ESTAT:TPS00066(1.0),13/06/24 23:00:00,A,PC,T,Y25-64,ED0-2,BG,2016,21.9,
ESTAT:TPS00066(1.0),13/06/24 23:00:00,A,PC,T,Y25-64,ED0-2,BG,2017,17.9,
ESTAT:TPS00066(1.0),13/06/24 23:00:00,A,PC,T,Y25-64,ED0-2,BG,2018,15.2,
ESTAT:TPS00066(1.0),13/06/24 23:00:00,A,PC,T,Y25-64,ED0-2,BG,2019,13.0,
ESTAT:TPS00066(1.0),13/06/24 23:00:00,A,PC,T,Y25-64,ED0-2,BG,2020,13.8,
ESTAT:TPS00066(1.0),13/06/24 23:00:00,A,PC,T,Y25-64,ED0-2,BG,2021,15.6,b
ESTAT:TPS00066(1.0),13/06/24 23:00:00,A,PC,T,Y25-64,ED0-2,BG,2022,12.4,b
ESTAT:TPS00066(1.0),13/06/24 23:00:00,A,PC,T,Y25-64,ED0-2,BG,2023,12.6,
ESTAT:TPS00066(1.0),13/06/24 23:00:00,A,PC,T,Y25-64,ED0-2,CH,2012,8.2,
ESTAT:TPS00066(1.0),13/06/24 23:00:00,A,PC,T,Y25-64,ED0-2,CH,2013,8.8,
ESTAT:TPS00066(1.0),13/06/24 23:00:00,A,PC,T,Y25-64,ED0-2,CH,2014,9.2,b
ESTAT:TPS00066(1.0),13/06/24 23:00:00,A,PC,T,Y25-64,ED0-2,CH,2015,9.3,
ESTAT:TPS00066(1.0),13/06/24 23:00:00,A,PC,T,Y25-64,ED0-2,CH,2016,9.8,
ESTAT:TPS00066(1.0),13/06/24 23:00:00,A,PC,T,Y25-64,ED0-2,CH,2017,8.5,
ESTAT:TPS00066(1.0),13/06/24 23:00:00,A,PC,T,Y25-64,ED0-2,CH,2018,8.4,
ESTAT:TPS00066(1.0),13/06/24 23:00:00,A,PC,T,Y25-64,ED0-2,CH,2019,8.0,
ESTAT:TPS00066(1.0),13/06/24 23:00:00,A,PC,T,Y25-64,ED0-2,CH,2020,8.6,
ESTAT:TPS00066(1.0),13/06/24 23:00:00,A,PC,T,Y25-64,ED0-2,CH,2021,9.9,b
ESTAT:TPS00066(1.0),13/06/24 23:00:00,A,PC,T,Y25-64,ED0-2,CH,2022,8.7,
ESTAT:TPS00066(1.0),13/06/24 23:00:00,A,PC,T,Y25-64,ED0-2,CH,2023,7.6,
ESTAT:TPS00066(1.0),13/06/24 23:00:00,A,PC,T,Y25-64,ED0-2,CY,2012,12.6,
ESTAT:TPS00066(1.0),13/06/24 23:00:00,A,PC,T,Y25-64,ED0-2,CY,2013,18.0,
ESTAT:TPS00066(1.0),13/06/24 23:00:00,A,PC,T,Y25-64,ED0-2,CY,2014,19.4,b
ESTAT:TPS00066(1.0),13/06/24 23:00:00,A,PC,T,Y25-64,ED0-2,CY,2015,17.9,
ESTAT:TPS00066(1.0),13/06/24 23:00:00,A,PC,T,Y25-64,ED0-2,CY,2016,15.7,
ESTAT:TPS00066(1.0),13/06/24 23:00:00,A,PC,T,Y25-64,ED0-2,CY,2017,13.3,
ESTAT:TPS00066(1.0),13/06/24 23:00:00,A,PC,T,Y25-64,ED0-2,CY,2018,9.1,
ESTAT:TPS00066(1.0),13/06/24 23:00:00,A,PC,T,Y25-64,ED0-2,CY,2019,7.6,
ESTAT:TPS00066(1.0),13/06/24 23:00:00,A,PC,T,Y25-64,ED0-2,CY,2020,7.2,
ESTAT:TPS00066(1.0),13/06/24 23:00:00,A,PC,T,Y25-64,ED0-2,CY,2021,8.1,b
ESTAT:TPS00066(1.0),13/06/24 23:00:00,A,PC,T,Y25-64,ED0-2,CY,2022,7.4,
ESTAT:TPS00066(1.0),13/06/24 23:00:00,A,PC,T,Y25-64,ED0-2,CY,2023,5.5,
ESTAT:TPS00066(1.0),13/06/24 23:00:00,A,PC,T,Y25-64,ED0-2,CZ,2012,25.5,
ESTAT:TPS00066(1.0),13/06/24 23:00:00,A,PC,T,Y25-64,ED0-2,CZ,2013,23.4,
ESTAT:TPS00066(1.0),13/06/24 23:00:00,A,PC,T,Y25-64,ED0-2,CZ,2014,20.7,b
ESTAT:TPS00066(1.0),13/06/24 23:00:00,A,PC,T,Y25-64,ED0-2,CZ,2015,20.7,
ESTAT:TPS00066(1.0),13/06/24 23:00:00,A,PC,T,Y25-64,ED0-2,CZ,2016,19.2,
ESTAT:TPS00066(1.0),13/06/24 23:00:00,A,PC,T,Y25-64,ED0-2,CZ,2017,11.9,
ESTAT:TPS00066(1.0),13/06/24 23:00:00,A,PC,T,Y25-64,ED0-2,CZ,2018,9.4,
ESTAT:TPS00066(1.0),13/06/24 23:00:00,A,PC,T,Y25-64,ED0-2,CZ,2019,10.2,
ESTAT:TPS00066(1.0),13/06/24 23:00:00,A,PC,T,Y25-64,ED0-2,CZ,2020,9.6,
ESTAT:TPS00066(1.0),13/06/24 23:00:00,A,PC,T,Y25-64,ED0-2,CZ,2021,11.7,b
ESTAT:TPS00066(1.0),13/06/24 23:00:00,A,PC,T,Y25-64,ED0-2,CZ,2022,11.6,
ESTAT:TPS00066(1.0),13/06/24 23:00:00,A,PC,T,Y25-64,ED0-2,CZ,2023,11.3,
ESTAT:TPS00066(1.0),13/06/24 23:00:00,A,PC,T,Y25-64,ED0-2,DE,2012,12.7,b
ESTAT:TPS00066(1.0),13/06/24 23:00:00,A,PC,T,Y25-64,ED0-2,DE,2013,12.3,
ESTAT:TPS00066(1.0),13/06/24 23:00:00,A,PC,T,Y25-64,ED0-2,DE,2014,12.0,b
ESTAT:TPS00066(1.0),13/06/24 23:00:00,A,PC,T,Y25-64,ED0-2,DE,2015,11.4,
ESTAT:TPS00066(1.0),13/06/24 23:00:00,A,PC,T,Y25-64,ED0-2,DE,2016,10.0,
ESTAT:TPS00066(1.0),13/06/24 23:00:00,A,PC,T,Y25-64,ED0-2,DE,2017,9.2,
ESTAT:TPS00066(1.0),13/06/24 23:00:00,A,PC,T,Y25-64,ED0-2,DE,2018,8.5,
ESTAT:TPS00066(1.0),13/06/24 23:00:00,A,PC,T,Y25-64,ED0-2,DE,2019,7.7,
ESTAT:TPS00066(1.0),13/06/24 23:00:00,A,PC,T,Y25-64,ED0-2,DE,2020,8.8,b
ESTAT:TPS00066(1.0),13/06/24 23:00:00,A,PC,T,Y25-64,ED0-2,DE,2021,7.0,b
ESTAT:TPS00066(1.0),13/06/24 23:00:00,A,PC,T,Y25-64,ED0-2,DE,2022,6.2,
ESTAT:TPS00066(1.0),13/06/24 23:00:00,A,PC,T,Y25-64,ED0-2,DE,2023,5.8,
ESTAT:TPS00066(1.0),13/06/24 23:00:00,A,PC,T,Y25-64,ED0-2,DK,2012,9.9,
ESTAT:TPS00066(1.0),13/06/24 23:00:00,A,PC,T,Y25-64,ED0-2,DK,2013,9.9,
ESTAT:TPS00066(1.0),13/06/24 23:00:00,A,PC,T,Y25-64,ED0-2,DK,2014,9.1,b
ESTAT:TPS00066(1.0),13/06/24 23:00:00,A,PC,T,Y25-64,ED0-2,DK,2015,8.9,
ESTAT:TPS00066(1.0),13/06/24 23:00:00,A,PC,T,Y25-64,ED0-2,DK,2016,6.8,b
ESTAT:TPS00066(1.0),13/06/24 23:00:00,A,PC,T,Y25-64,ED0-2,DK,2017,6.8,b
ESTAT:TPS00066(1.0),13/06/24 23:00:00,A,PC,T,Y25-64,ED0-2,DK,2018,6.7,
ESTAT:TPS00066(1.0),13/06/24 23:00:00,A,PC,T,Y25-64,ED0-2,DK,2019,6.2,
ESTAT:TPS00066(1.0),13/06/24 23:00:00,A,PC,T,Y25-64,ED0-2,DK,2020,7.3,
ESTAT:TPS00066(1.0),13/06/24 23:00:00,A,PC,T,Y25-64,ED0-2,DK,2021,6.8,b
ESTAT:TPS00066(1.0),13/06/24 23:00:00,A,PC,T,Y25-64,ED0-2,DK,2022,5.6,
ESTAT:TPS00066(1.0),13/06/24 23:00:00,A,PC,T,Y25-64,ED0-2,DK,2023,6.8,b
ESTAT:TPS00066(1.0),13/06/24 23:00:00,A,PC,T,Y25-64,ED0-2,EA20,2012,17.9,
ESTAT:TPS00066(1.0),13/06/24 23:00:00,A,PC,T,Y25-64,ED0-2,EA20,2013,19.4,
ESTAT:TPS00066(1.0),13/06/24 23:00:00,A,PC,T,Y25-64,ED0-2,EA20,2014,19.2,b
ESTAT:TPS00066(1.0),13/06/24 23:00:00,A,PC,T,Y25-64,ED0-2,EA20,2015,18.1,
ESTAT:TPS00066(1.0),13/06/24 23:00:00,A,PC,T,Y25-64,ED0-2,EA20,2016,16.9,
ESTAT:TPS00066(1.0),13/06/24 23:00:00,A,PC,T,Y25-64,ED0-2,EA20,2017,15.6,
ESTAT:TPS00066(1.0),13/06/24 23:00:00,A,PC,T,Y25-64,ED0-2,EA20,2018,14.0,
ESTAT:TPS00066(1.0),13/06/24 23:00:00,A,PC,T,Y25-64,ED0-2,EA20,2019,13.0,
ESTAT:TPS00066(1.0),13/06/24 23:00:00,A,PC,T,Y25-64,ED0-2,EA20,2020,12.9,
ESTAT:TPS00066(1.0),13/06/24 23:00:00,A,PC,T,Y25-64,ED0-2,EA20,2021,12.7,b
ESTAT:TPS00066(1.0),13/06/24 23:00:00,A,PC,T,Y25-64,ED0-2,EA20,2022,11.4,
ESTAT:TPS00066(1.0),13/06/24 23:00:00,A,PC,T,Y25-64,ED0-2,EA20,2023,10.8,
ESTAT:TPS00066(1.0),13/06/24 23:00:00,A,PC,T,Y25-64,ED0-2,EE,2012,21.7,
ESTAT:TPS00066(1.0),13/06/24 23:00:00,A,PC,T,Y25-64,ED0-2,EE,2013,13.7,
ESTAT:TPS00066(1.0),13/06/24 23:00:00,A,PC,T,Y25-64,ED0-2,EE,2014,11.7,b
ESTAT:TPS00066(1.0),13/06/24 23:00:00,A,PC,T,Y25-64,ED0-2,EE,2015,11.5,
ESTAT:TPS00066(1.0),13/06/24 23:00:00,A,PC,T,Y25-64,ED0-2,EE,2016,11.8,
ESTAT:TPS00066(1.0),13/06/24 23:00:00,A,PC,T,Y25-64,ED0-2,EE,2017,9.7,
ESTAT:TPS00066(1.0),13/06/24 23:00:00,A,PC,T,Y25-64,ED0-2,EE,2018,8.7,
ESTAT:TPS00066(1.0),13/06/24 23:00:00,A,PC,T,Y25-64,ED0-2,EE,2019,7.8,
ESTAT:TPS00066(1.0),13/06/24 23:00:00,A,PC,T,Y25-64,ED0-2,EE,2020,10.7,
ESTAT:TPS00066(1.0),13/06/24 23:00:00,A,PC,T,Y25-64,ED0-2,EE,2021,12.0,b
ESTAT:TPS00066(1.0),13/06/24 23:00:00,A,PC,T,Y25-64,ED0-2,EE,2022,7.7,
ESTAT:TPS00066(1.0),13/06/24 23:00:00,A,PC,T,Y25-64,ED0-2,EE,2023,9.4,
ESTAT:TPS00066(1.0),13/06/24 23:00:00,A,PC,T,Y25-64,ED0-2,EL,2012,25.1,
ESTAT:TPS00066(1.0),13/06/24 23:00:00,A,PC,T,Y25-64,ED0-2,EL,2013,28.7,
ESTAT:TPS00066(1.0),13/06/24 23:00:00,A,PC,T,Y25-64,ED0-2,EL,2014,27.6,b
ESTAT:TPS00066(1.0),13/06/24 23:00:00,A,PC,T,Y25-64,ED0-2,EL,2015,26.2,
ESTAT:TPS00066(1.0),13/06/24 23:00:00,A,PC,T,Y25-64,ED0-2,EL,2016,26.2,
ESTAT:TPS00066(1.0),13/06/24 23:00:00,A,PC,T,Y25-64,ED0-2,EL,2017,23.9,
ESTAT:TPS00066(1.0),13/06/24 23:00:00,A,PC,T,Y25-64,ED0-2,EL,2018,21.9,
ESTAT:TPS00066(1.0),13/06/24 23:00:00,A,PC,T,Y25-64,ED0-2,EL,2019,20.7,
ESTAT:TPS00066(1.0),13/06/24 23:00:00,A,PC,T,Y25-64,ED0-2,EL,2020,19.4,
ESTAT:TPS00066(1.0),13/06/24 23:00:00,A,PC,T,Y25-64,ED0-2,EL,2021,16.6,b
ESTAT:TPS00066(1.0),13/06/24 23:00:00,A,PC,T,Y25-64,ED0-2,EL,2022,14.4,
ESTAT:TPS00066(1.0),13/06/24 23:00:00,A,PC,T,Y25-64,ED0-2,EL,2023,12.3,
ESTAT:TPS00066(1.0),13/06/24 23:00:00,A,PC,T,Y25-64,ED0-2,ES,2012,31.1,
ESTAT:TPS00066(1.0),13/06/24 23:00:00,A,PC,T,Y25-64,ED0-2,ES,2013,32.7,
ESTAT:TPS00066(1.0),13/06/24 23:00:00,A,PC,T,Y25-64,ED0-2,ES,2014,31.4,b
ESTAT:TPS00066(1.0),13/06/24 23:00:00,A,PC,T,Y25-64,ED0-2,ES,2015,28.9,
ESTAT:TPS00066(1.0),13/06/24 23:00:00,A,PC,T,Y25-64,ED0-2,ES,2016,26.1,
ESTAT:TPS00066(1.0),13/06/24 23:00:00,A,PC,T,Y25-64,ED0-2,ES,2017,23.4,
ESTAT:TPS00066(1.0),13/06/24 23:00:00,A,PC,T,Y25-64,ED0-2,ES,2018,20.5,
ESTAT:TPS00066(1.0),13/06/24 23:00:00,A,PC,T,Y25-64,ED0-2,ES,2019,18.9,
ESTAT:TPS00066(1.0),13/06/24 23:00:00,A,PC,T,Y25-64,ED0-2,ES,2020,20.0,
ESTAT:TPS00066(1.0),13/06/24 23:00:00,A,PC,T,Y25-64,ED0-2,ES,2021,20.0,bd
ESTAT:TPS00066(1.0),13/06/24 23:00:00,A,PC,T,Y25-64,ED0-2,ES,2022,17.9,d
ESTAT:TPS00066(1.0),13/06/24 23:00:00,A,PC,T,Y25-64,ED0-2,ES,2023,16.5,d
ESTAT:TPS00066(1.0),13/06/24 23:00:00,A,PC,T,Y25-64,ED0-2,EU27_2020,2012,17.4,
ESTAT:TPS00066(1.0),13/06/24 23:00:00,A,PC,T,Y25-64,ED0-2,EU27_2020,2013,18.8,
ESTAT:TPS00066(1.0),13/06/24 23:00:00,A,PC,T,Y25-64,ED0-2,EU27_2020,2014,18.4,b
ESTAT:TPS00066(1.0),13/06/24 23:00:00,A,PC,T,Y25-64,ED0-2,EU27_2020,2015,17.4,
ESTAT:TPS00066(1.0),13/06/24 23:00:00,A,PC,T,Y25-64,ED0-2,EU27_2020,2016,16.3,
ESTAT:TPS00066(1.0),13/06/24 23:00:00,A,PC,T,Y25-64,ED0-2,EU27_2020,2017,15.0,
ESTAT:TPS00066(1.0),13/06/24 23:00:00,A,PC,T,Y25-64,ED0-2,EU27_2020,2018,13.4,
ESTAT:TPS00066(1.0),13/06/24 23:00:00,A,PC,T,Y25-64,ED0-2,EU27_2020,2019,12.4,
ESTAT:TPS00066(1.0),13/06/24 23:00:00,A,PC,T,Y25-64,ED0-2,EU27_2020,2020,12.6,
ESTAT:TPS00066(1.0),13/06/24 23:00:00,A,PC,T,Y25-64,ED0-2,EU27_2020,2021,12.7,b
ESTAT:TPS00066(1.0),13/06/24 23:00:00,A,PC,T,Y25-64,ED0-2,EU27_2020,2022,11.4,
ESTAT:TPS00066(1.0),13/06/24 23:00:00,A,PC,T,Y25-64,ED0-2,EU27_2020,2023,10.9,
ESTAT:TPS00066(1.0),13/06/24 23:00:00,A,PC,T,Y25-64,ED0-2,FI,2012,11.6,
ESTAT:TPS00066(1.0),13/06/24 23:00:00,A,PC,T,Y25-64,ED0-2,FI,2013,12.2,
ESTAT:TPS00066(1.0),13/06/24 23:00:00,A,PC,T,Y25-64,ED0-2,FI,2014,12.5,b
ESTAT:TPS00066(1.0),13/06/24 23:00:00,A,PC,T,Y25-64,ED0-2,FI,2015,12.3,
ESTAT:TPS00066(1.0),13/06/24 23:00:00,A,PC,T,Y25-64,ED0-2,FI,2016,11.8,
ESTAT:TPS00066(1.0),13/06/24 23:00:00,A,PC,T,Y25-64,ED0-2,FI,2017,12.9,
ESTAT:TPS00066(1.0),13/06/24 23:00:00,A,PC,T,Y25-64,ED0-2,FI,2018,11.5,
ESTAT:TPS00066(1.0),13/06/24 23:00:00,A,PC,T,Y25-64,ED0-2,FI,2019,11.1,
ESTAT:TPS00066(1.0),13/06/24 23:00:00,A,PC,T,Y25-64,ED0-2,FI,2020,12.4,
ESTAT:TPS00066(1.0),13/06/24 23:00:00,A,PC,T,Y25-64,ED0-2,FI,2021,13.6,b
ESTAT:TPS00066(1.0),13/06/24 23:00:00,A,PC,T,Y25-64,ED0-2,FI,2022,12.3,
ESTAT:TPS00066(1.0),13/06/24 23:00:00,A,PC,T,Y25-64,ED0-2,FI,2023,13.1,
ESTAT:TPS00066(1.0),13/06/24 23:00:00,A,PC,T,Y25-64,ED0-2,FR,2012,12.9,
ESTAT:TPS00066(1.0),13/06/24 23:00:00,A,PC,T,Y25-64,ED0-2,FR,2013,14.0,b
ESTAT:TPS00066(1.0),13/06/24 23:00:00,A,PC,T,Y25-64,ED0-2,FR,2014,14.8,b
ESTAT:TPS00066(1.0),13/06/24 23:00:00,A,PC,T,Y25-64,ED0-2,FR,2015,15.5,
ESTAT:TPS00066(1.0),13/06/24 23:00:00,A,PC,T,Y25-64,ED0-2,FR,2016,15.9,
ESTAT:TPS00066(1.0),13/06/24 23:00:00,A,PC,T,Y25-64,ED0-2,FR,2017,15.1,
ESTAT:TPS00066(1.0),13/06/24 23:00:00,A,PC,T,Y25-64,ED0-2,FR,2018,14.1,
ESTAT:TPS00066(1.0),13/06/24 23:00:00,A,PC,T,Y25-64,ED0-2,FR,2019,13.3,
ESTAT:TPS00066(1.0),13/06/24 23:00:00,A,PC,T,Y25-64,ED0-2,FR,2020,11.8,
ESTAT:TPS00066(1.0),13/06/24 23:00:00,A,PC,T,Y25-64,ED0-2,FR,2021,12.0,bd
ESTAT:TPS00066(1.0),13/06/24 23:00:00,A,PC,T,Y25-64,ED0-2,FR,2022,11.2,d
ESTAT:TPS00066(1.0),13/06/24 23:00:00,A,PC,T,Y25-64,ED0-2,FR,2023,11.0,d
ESTAT:TPS00066(1.0),13/06/24 23:00:00,A,PC,T,Y25-64,ED0-2,HR,2012,17.7,
ESTAT:TPS00066(1.0),13/06/24 23:00:00,A,PC,T,Y25-64,ED0-2,HR,2013,19.8,
ESTAT:TPS00066(1.0),13/06/24 23:00:00,A,PC,T,Y25-64,ED0-2,HR,2014,24.4,b
ESTAT:TPS00066(1.0),13/06/24 23:00:00,A,PC,T,Y25-64,ED0-2,HR,2015,21.5,
ESTAT:TPS00066(1.0),13/06/24 23:00:00,A,PC,T,Y25-64,ED0-2,HR,2016,16.8,
ESTAT:TPS00066(1.0),13/06/24 23:00:00,A,PC,T,Y25-64,ED0-2,HR,2017,19.1,
ESTAT:TPS00066(1.0),13/06/24 23:00:00,A,PC,T,Y25-64,ED0-2,HR,2018,11.4,
ESTAT:TPS00066(1.0),13/06/24 23:00:00,A,PC,T,Y25-64,ED0-2,HR,2019,8.3,
ESTAT:TPS00066(1.0),13/06/24 23:00:00,A,PC,T,Y25-64,ED0-2,HR,2020,9.1,
ESTAT:TPS00066(1.0),13/06/24 23:00:00,A,PC,T,Y25-64,ED0-2,HR,2021,10.2,b
ESTAT:TPS00066(1.0),13/06/24 23:00:00,A,PC,T,Y25-64,ED0-2,HR,2022,11.7,
ESTAT:TPS00066(1.0),13/06/24 23:00:00,A,PC,T,Y25-64,ED0-2,HR,2023,11.4,b
ESTAT:TPS00066(1.0),13/06/24 23:00:00,A,PC,T,Y25-64,ED0-2,HU,2012,22.9,
ESTAT:TPS00066(1.0),13/06/24 23:00:00,A,PC,T,Y25-64,ED0-2,HU,2013,21.6,
ESTAT:TPS00066(1.0),13/06/24 23:00:00,A,PC,T,Y25-64,ED0-2,HU,2014,16.7,b
ESTAT:TPS00066(1.0),13/06/24 23:00:00,A,PC,T,Y25-64,ED0-2,HU,2015,15.5,
ESTAT:TPS00066(1.0),13/06/24 23:00:00,A,PC,T,Y25-64,ED0-2,HU,2016,11.8,
ESTAT:TPS00066(1.0),13/06/24 23:00:00,A,PC,T,Y25-64,ED0-2,HU,2017,10.1,
ESTAT:TPS00066(1.0),13/06/24 23:00:00,A,PC,T,Y25-64,ED0-2,HU,2018,8.8,
ESTAT:TPS00066(1.0),13/06/24 23:00:00,A,PC,T,Y25-64,ED0-2,HU,2019,8.1,
ESTAT:TPS00066(1.0),13/06/24 23:00:00,A,PC,T,Y25-64,ED0-2,HU,2020,10.0,
ESTAT:TPS00066(1.0),13/06/24 23:00:00,A,PC,T,Y25-64,ED0-2,HU,2021,9.6,b
ESTAT:TPS00066(1.0),13/06/24 23:00:00,A,PC,T,Y25-64,ED0-2,HU,2022,10.6,
ESTAT:TPS00066(1.0),13/06/24 23:00:00,A,PC,T,Y25-64,ED0-2,HU,2023,11.4,
ESTAT:TPS00066(1.0),13/06/24 23:00:00,A,PC,T,Y25-64,ED0-2,IE,2012,23.6,
ESTAT:TPS00066(1.0),13/06/24 23:00:00,A,PC,T,Y25-64,ED0-2,IE,2013,20.8,
ESTAT:TPS00066(1.0),13/06/24 23:00:00,A,PC,T,Y25-64,ED0-2,IE,2014,18.8,b
ESTAT:TPS00066(1.0),13/06/24 23:00:00,A,PC,T,Y25-64,ED0-2,IE,2015,16.0,
ESTAT:TPS00066(1.0),13/06/24 23:00:00,A,PC,T,Y25-64,ED0-2,IE,2016,13.9,
ESTAT:TPS00066(1.0),13/06/24 23:00:00,A,PC,T,Y25-64,ED0-2,IE,2017,10.7,b
ESTAT:TPS00066(1.0),13/06/24 23:00:00,A,PC,T,Y25-64,ED0-2,IE,2018,8.4,
ESTAT:TPS00066(1.0),13/06/24 23:00:00,A,PC,T,Y25-64,ED0-2,IE,2019,6.9,
ESTAT:TPS00066(1.0),13/06/24 23:00:00,A,PC,T,Y25-64,ED0-2,IE,2020,6.4,
ESTAT:TPS00066(1.0),13/06/24 23:00:00,A,PC,T,Y25-64,ED0-2,IE,2021,8.5,b
ESTAT:TPS00066(1.0),13/06/24 23:00:00,A,PC,T,Y25-64,ED0-2,IE,2022,7.4,
ESTAT:TPS00066(1.0),13/06/24 23:00:00,A,PC,T,Y25-64,ED0-2,IE,2023,6.8,
ESTAT:TPS00066(1.0),13/06/24 23:00:00,A,PC,T,Y25-64,ED0-2,IS,2012,7.3,
ESTAT:TPS00066(1.0),13/06/24 23:00:00,A,PC,T,Y25-64,ED0-2,IS,2013,5.7,
ESTAT:TPS00066(1.0),13/06/24 23:00:00,A,PC,T,Y25-64,ED0-2,IS,2014,4.7,b
ESTAT:TPS00066(1.0),13/06/24 23:00:00,A,PC,T,Y25-64,ED0-2,IS,2015,4.0,
ESTAT:TPS00066(1.0),13/06/24 23:00:00,A,PC,T,Y25-64,ED0-2,IS,2016,2.7,
ESTAT:TPS00066(1.0),13/06/24 23:00:00,A,PC,T,Y25-64,ED0-2,IS,2017,2.1,
ESTAT:TPS00066(1.0),13/06/24 23:00:00,A,PC,T,Y25-64,ED0-2,IS,2018,2.7,
ESTAT:TPS00066(1.0),13/06/24 23:00:00,A,PC,T,Y25-64,ED0-2,IS,2019,3.2,
ESTAT:TPS00066(1.0),13/06/24 23:00:00,A,PC,T,Y25-64,ED0-2,IS,2020,6.3,b
ESTAT:TPS00066(1.0),13/06/24 23:00:00,A,PC,T,Y25-64,ED0-2,IS,2021,6.8,b
ESTAT:TPS00066(1.0),13/06/24 23:00:00,A,PC,T,Y25-64,ED0-2,IS,2022,5.3,
ESTAT:TPS00066(1.0),13/06/24 23:00:00,A,PC,T,Y25-64,ED0-2,IS,2023,4.0,
ESTAT:TPS00066(1.0),13/06/24 23:00:00,A,PC,T,Y25-64,ED0-2,IT,2012,12.2,
ESTAT:TPS00066(1.0),13/06/24 23:00:00,A,PC,T,Y25-64,ED0-2,IT,2013,14.4,
ESTAT:TPS00066(1.0),13/06/24 23:00:00,A,PC,T,Y25-64,ED0-2,IT,2014,15.2,b
ESTAT:TPS00066(1.0),13/06/24 23:00:00,A,PC,T,Y25-64,ED0-2,IT,2015,14.2,
ESTAT:TPS00066(1.0),13/06/24 23:00:00,A,PC,T,Y25-64,ED0-2,IT,2016,14.3,
ESTAT:TPS00066(1.0),13/06/24 23:00:00,A,PC,T,Y25-64,ED0-2,IT,2017,14.3,
ESTAT:TPS00066(1.0),13/06/24 23:00:00,A,PC,T,Y25-64,ED0-2,IT,2018,13.4,b
ESTAT:TPS00066(1.0),13/06/24 23:00:00,A,PC,T,Y25-64,ED0-2,IT,2019,12.7,
ESTAT:TPS00066(1.0),13/06/24 23:00:00,A,PC,T,Y25-64,ED0-2,IT,2020,12.0,
ESTAT:TPS00066(1.0),13/06/24 23:00:00,A,PC,T,Y25-64,ED0-2,IT,2021,12.4,b
ESTAT:TPS00066(1.0),13/06/24 23:00:00,A,PC,T,Y25-64,ED0-2,IT,2022,10.9,
ESTAT:TPS00066(1.0),13/06/24 23:00:00,A,PC,T,Y25-64,ED0-2,IT,2023,10.7,
ESTAT:TPS00066(1.0),13/06/24 23:00:00,A,PC,T,Y25-64,ED0-2,LT,2012,36.1,
ESTAT:TPS00066(1.0),13/06/24 23:00:00,A,PC,T,Y25-64,ED0-2,LT,2013,32.9,
ESTAT:TPS00066(1.0),13/06/24 23:00:00,A,PC,T,Y25-64,ED0-2,LT,2014,28.6,b
ESTAT:TPS00066(1.0),13/06/24 23:00:00,A,PC,T,Y25-64,ED0-2,LT,2015,26.2,
ESTAT:TPS00066(1.0),13/06/24 23:00:00,A,PC,T,Y25-64,ED0-2,LT,2016,26.2,
ESTAT:TPS00066(1.0),13/06/24 23:00:00,A,PC,T,Y25-64,ED0-2,LT,2017,21.4,
ESTAT:TPS00066(1.0),13/06/24 23:00:00,A,PC,T,Y25-64,ED0-2,LT,2018,19.0,
ESTAT:TPS00066(1.0),13/06/24 23:00:00,A,PC,T,Y25-64,ED0-2,LT,2019,19.2,
ESTAT:TPS00066(1.0),13/06/24 23:00:00,A,PC,T,Y25-64,ED0-2,LT,2020,21.9,
ESTAT:TPS00066(1.0),13/06/24 23:00:00,A,PC,T,Y25-64,ED0-2,LT,2021,15.3,b
ESTAT:TPS00066(1.0),13/06/24 23:00:00,A,PC,T,Y25-64,ED0-2,LT,2022,16.8,
ESTAT:TPS00066(1.0),13/06/24 23:00:00,A,PC,T,Y25-64,ED0-2,LT,2023,17.8,
ESTAT:TPS00066(1.0),13/06/24 23:00:00,A,PC,T,Y25-64,ED0-2,LU,2012,6.4,
ESTAT:TPS00066(1.0),13/06/24 23:00:00,A,PC,T,Y25-64,ED0-2,LU,2013,8.6,
ESTAT:TPS00066(1.0),13/06/24 23:00:00,A,PC,T,Y25-64,ED0-2,LU,2014,7.7,b
ESTAT:TPS00066(1.0),13/06/24 23:00:00,A,PC,T,Y25-64,ED0-2,LU,2015,8.2,b
ESTAT:TPS00066(1.0),13/06/24 23:00:00,A,PC,T,Y25-64,ED0-2,LU,2016,7.0,
ESTAT:TPS00066(1.0),13/06/24 23:00:00,A,PC,T,Y25-64,ED0-2,LU,2017,6.4,
ESTAT:TPS00066(1.0),13/06/24 23:00:00,A,PC,T,Y25-64,ED0-2,LU,2018,6.5,
ESTAT:TPS00066(1.0),13/06/24 23:00:00,A,PC,T,Y25-64,ED0-2,LU,2019,6.3,
ESTAT:TPS00066(1.0),13/06/24 23:00:00,A,PC,T,Y25-64,ED0-2,LU,2020,8.1,
ESTAT:TPS00066(1.0),13/06/24 23:00:00,A,PC,T,Y25-64,ED0-2,LU,2021,5.8,b
ESTAT:TPS00066(1.0),13/06/24 23:00:00,A,PC,T,Y25-64,ED0-2,LU,2022,5.2,
ESTAT:TPS00066(1.0),13/06/24 23:00:00,A,PC,T,Y25-64,ED0-2,LU,2023,5.0,u
ESTAT:TPS00066(1.0),13/06/24 23:00:00,A,PC,T,Y25-64,ED0-2,LV,2012,22.9,
ESTAT:TPS00066(1.0),13/06/24 23:00:00,A,PC,T,Y25-64,ED0-2,LV,2013,22.6,
ESTAT:TPS00066(1.0),13/06/24 23:00:00,A,PC,T,Y25-64,ED0-2,LV,2014,23.6,b
ESTAT:TPS00066(1.0),13/06/24 23:00:00,A,PC,T,Y25-64,ED0-2,LV,2015,22.4,
ESTAT:TPS00066(1.0),13/06/24 23:00:00,A,PC,T,Y25-64,ED0-2,LV,2016,19.8,
ESTAT:TPS00066(1.0),13/06/24 23:00:00,A,PC,T,Y25-64,ED0-2,LV,2017,18.3,
ESTAT:TPS00066(1.0),13/06/24 23:00:00,A,PC,T,Y25-64,ED0-2,LV,2018,17.0,
ESTAT:TPS00066(1.0),13/06/24 23:00:00,A,PC,T,Y25-64,ED0-2,LV,2019,13.3,
ESTAT:TPS00066(1.0),13/06/24 23:00:00,A,PC,T,Y25-64,ED0-2,LV,2020,17.8,
ESTAT:TPS00066(1.0),13/06/24 23:00:00,A,PC,T,Y25-64,ED0-2,LV,2021,13.7,b
ESTAT:TPS00066(1.0),13/06/24 23:00:00,A,PC,T,Y25-64,ED0-2,LV,2022,13.8,
ESTAT:TPS00066(1.0),13/06/24 23:00:00,A,PC,T,Y25-64,ED0-2,LV,2023,12.3,
ESTAT:TPS00066(1.0),13/06/24 23:00:00,A,PC,T,Y25-64,ED0-2,ME,2012,35.2,
ESTAT:TPS00066(1.0),13/06/24 23:00:00,A,PC,T,Y25-64,ED0-2,ME,2013,39.5,
ESTAT:TPS00066(1.0),13/06/24 23:00:00,A,PC,T,Y25-64,ED0-2,ME,2014,32.8,b
ESTAT:TPS00066(1.0),13/06/24 23:00:00,A,PC,T,Y25-64,ED0-2,ME,2015,28.7,
ESTAT:TPS00066(1.0),13/06/24 23:00:00,A,PC,T,Y25-64,ED0-2,ME,2016,22.1,
ESTAT:TPS00066(1.0),13/06/24 23:00:00,A,PC,T,Y25-64,ED0-2,ME,2017,21.7,
ESTAT:TPS00066(1.0),13/06/24 23:00:00,A,PC,T,Y25-64,ED0-2,ME,2018,21.0,
ESTAT:TPS00066(1.0),13/06/24 23:00:00,A,PC,T,Y25-64,ED0-2,ME,2019,26.9,
ESTAT:TPS00066(1.0),13/06/24 23:00:00,A,PC,T,Y25-64,ED0-2,ME,2020,35.2,
ESTAT:TPS00066(1.0),13/06/24 23:00:00,A,PC,T,Y25-64,ED0-2,MK,2012,36.4,
ESTAT:TPS00066(1.0),13/06/24 23:00:00,A,PC,T,Y25-64,ED0-2,MK,2013,33.2,
ESTAT:TPS00066(1.0),13/06/24 23:00:00,A,PC,T,Y25-64,ED0-2,MK,2014,31.0,b
ESTAT:TPS00066(1.0),13/06/24 23:00:00,A,PC,T,Y25-64,ED0-2,MK,2015,29.9,
ESTAT:TPS00066(1.0),13/06/24 23:00:00,A,PC,T,Y25-64,ED0-2,MK,2016,28.8,
ESTAT:TPS00066(1.0),13/06/24 23:00:00,A,PC,T,Y25-64,ED0-2,MK,2017,25.6,
ESTAT:TPS00066(1.0),13/06/24 23:00:00,A,PC,T,Y25-64,ED0-2,MK,2018,23.1,
ESTAT:TPS00066(1.0),13/06/24 23:00:00,A,PC,T,Y25-64,ED0-2,MK,2019,23.7,
ESTAT:TPS00066(1.0),13/06/24 23:00:00,A,PC,T,Y25-64,ED0-2,MK,2020,21.4,
ESTAT:TPS00066(1.0),13/06/24 23:00:00,A,PC,T,Y25-64,ED0-2,MT,2012,7.8,
ESTAT:TPS00066(1.0),13/06/24 23:00:00,A,PC,T,Y25-64,ED0-2,MT,2013,8.2,
ESTAT:TPS00066(1.0),13/06/24 23:00:00,A,PC,T,Y25-64,ED0-2,MT,2014,7.7,b
ESTAT:TPS00066(1.0),13/06/24 23:00:00,A,PC,T,Y25-64,ED0-2,MT,2015,7.4,
ESTAT:TPS00066(1.0),13/06/24 23:00:00,A,PC,T,Y25-64,ED0-2,MT,2016,6.5,
ESTAT:TPS00066(1.0),13/06/24 23:00:00,A,PC,T,Y25-64,ED0-2,MT,2017,5.1,
ESTAT:TPS00066(1.0),13/06/24 23:00:00,A,PC,T,Y25-64,ED0-2,MT,2018,4.5,
ESTAT:TPS00066(1.0),13/06/24 23:00:00,A,PC,T,Y25-64,ED0-2,MT,2019,3.7,
ESTAT:TPS00066(1.0),13/06/24 23:00:00,A,PC,T,Y25-64,ED0-2,MT,2020,5.6,
ESTAT:TPS00066(1.0),13/06/24 23:00:00,A,PC,T,Y25-64,ED0-2,MT,2021,4.7,b
ESTAT:TPS00066(1.0),13/06/24 23:00:00,A,PC,T,Y25-64,ED0-2,MT,2022,3.6,
ESTAT:TPS00066(1.0),13/06/24 23:00:00,A,PC,T,Y25-64,ED0-2,MT,2023,3.7,
ESTAT:TPS00066(1.0),13/06/24 23:00:00,A,PC,T,Y25-64,ED0-2,NL,2012,7.0,
ESTAT:TPS00066(1.0),13/06/24 23:00:00,A,PC,T,Y25-64,ED0-2,NL,2013,9.0,b
ESTAT:TPS00066(1.0),13/06/24 23:00:00,A,PC,T,Y25-64,ED0-2,NL,2014,10.1,b
ESTAT:TPS00066(1.0),13/06/24 23:00:00,A,PC,T,Y25-64,ED0-2,NL,2015,9.3,
ESTAT:TPS00066(1.0),13/06/24 23:00:00,A,PC,T,Y25-64,ED0-2,NL,2016,7.6,
ESTAT:TPS00066(1.0),13/06/24 23:00:00,A,PC,T,Y25-64,ED0-2,NL,2017,6.6,
ESTAT:TPS00066(1.0),13/06/24 23:00:00,A,PC,T,Y25-64,ED0-2,NL,2018,5.1,
ESTAT:TPS00066(1.0),13/06/24 23:00:00,A,PC,T,Y25-64,ED0-2,NL,2019,4.2,b
ESTAT:TPS00066(1.0),13/06/24 23:00:00,A,PC,T,Y25-64,ED0-2,NL,2020,4.6,
ESTAT:TPS00066(1.0),13/06/24 23:00:00,A,PC,T,Y25-64,ED0-2,NL,2021,4.4,b
ESTAT:TPS00066(1.0),13/06/24 23:00:00,A,PC,T,Y25-64,ED0-2,NL,2022,3.4,
ESTAT:TPS00066(1.0),13/06/24 23:00:00,A,PC,T,Y25-64,ED0-2,NL,2023,3.0,
ESTAT:TPS00066(1.0),13/06/24 23:00:00,A,PC,T,Y25-64,ED0-2,NO,2012,4.1,
ESTAT:TPS00066(1.0),13/06/24 23:00:00,A,PC,T,Y25-64,ED0-2,NO,2013,5.4,
ESTAT:TPS00066(1.0),13/06/24 23:00:00,A,PC,T,Y25-64,ED0-2,NO,2014,6.3,b
ESTAT:TPS00066(1.0),13/06/24 23:00:00,A,PC,T,Y25-64,ED0-2,NO,2015,7.5,
ESTAT:TPS00066(1.0),13/06/24 23:00:00,A,PC,T,Y25-64,ED0-2,NO,2016,7.6,
ESTAT:TPS00066(1.0),13/06/24 23:00:00,A,PC,T,Y25-64,ED0-2,NO,2017,7.3,
ESTAT:TPS00066(1.0),13/06/24 23:00:00,A,PC,T,Y25-64,ED0-2,NO,2018,6.3,
ESTAT:TPS00066(1.0),13/06/24 23:00:00,A,PC,T,Y25-64,ED0-2,NO,2019,5.7,
ESTAT:TPS00066(1.0),13/06/24 23:00:00,A,PC,T,Y25-64,ED0-2,NO,2020,6.7,
ESTAT:TPS00066(1.0),13/06/24 23:00:00,A,PC,T,Y25-64,ED0-2,NO,2021,6.8,b
ESTAT:TPS00066(1.0),13/06/24 23:00:00,A,PC,T,Y25-64,ED0-2,NO,2022,4.5,
ESTAT:TPS00066(1.0),13/06/24 23:00:00,A,PC,T,Y25-64,ED0-2,NO,2023,5.1,
ESTAT:TPS00066(1.0),13/06/24 23:00:00,A,PC,T,Y25-64,ED0-2,PL,2012,17.8,
ESTAT:TPS00066(1.0),13/06/24 23:00:00,A,PC,T,Y25-64,ED0-2,PL,2013,19.3,
ESTAT:TPS00066(1.0),13/06/24 23:00:00,A,PC,T,Y25-64,ED0-2,PL,2014,18.0,b
ESTAT:TPS00066(1.0),13/06/24 23:00:00,A,PC,T,Y25-64,ED0-2,PL,2015,15.5,
ESTAT:TPS00066(1.0),13/06/24 23:00:00,A,PC,T,Y25-64,ED0-2,PL,2016,13.0,
ESTAT:TPS00066(1.0),13/06/24 23:00:00,A,PC,T,Y25-64,ED0-2,PL,2017,11.0,
ESTAT:TPS00066(1.0),13/06/24 23:00:00,A,PC,T,Y25-64,ED0-2,PL,2018,9.3,
ESTAT:TPS00066(1.0),13/06/24 23:00:00,A,PC,T,Y25-64,ED0-2,PL,2019,8.1,b
ESTAT:TPS00066(1.0),13/06/24 23:00:00,A,PC,T,Y25-64,ED0-2,PL,2020,8.2,
ESTAT:TPS00066(1.0),13/06/24 23:00:00,A,PC,T,Y25-64,ED0-2,PL,2021,7.3,b
ESTAT:TPS00066(1.0),13/06/24 23:00:00,A,PC,T,Y25-64,ED0-2,PL,2022,7.1,
ESTAT:TPS00066(1.0),13/06/24 23:00:00,A,PC,T,Y25-64,ED0-2,PL,2023,6.2,
ESTAT:TPS00066(1.0),13/06/24 23:00:00,A,PC,T,Y25-64,ED0-2,PT,2012,15.9,
ESTAT:TPS00066(1.0),13/06/24 23:00:00,A,PC,T,Y25-64,ED0-2,PT,2013,17.0,
ESTAT:TPS00066(1.0),13/06/24 23:00:00,A,PC,T,Y25-64,ED0-2,PT,2014,14.8,b
ESTAT:TPS00066(1.0),13/06/24 23:00:00,A,PC,T,Y25-64,ED0-2,PT,2015,13.0,
ESTAT:TPS00066(1.0),13/06/24 23:00:00,A,PC,T,Y25-64,ED0-2,PT,2016,11.6,
ESTAT:TPS00066(1.0),13/06/24 23:00:00,A,PC,T,Y25-64,ED0-2,PT,2017,9.3,
ESTAT:TPS00066(1.0),13/06/24 23:00:00,A,PC,T,Y25-64,ED0-2,PT,2018,6.9,
ESTAT:TPS00066(1.0),13/06/24 23:00:00,A,PC,T,Y25-64,ED0-2,PT,2019,6.4,
ESTAT:TPS00066(1.0),13/06/24 23:00:00,A,PC,T,Y25-64,ED0-2,PT,2020,6.2,
ESTAT:TPS00066(1.0),13/06/24 23:00:00,A,PC,T,Y25-64,ED0-2,PT,2021,6.3,b
ESTAT:TPS00066(1.0),13/06/24 23:00:00,A,PC,T,Y25-64,ED0-2,PT,2022,6.3,
ESTAT:TPS00066(1.0),13/06/24 23:00:00,A,PC,T,Y25-64,ED0-2,PT,2023,6.7,
ESTAT:TPS00066(1.0),13/06/24 23:00:00,A,PC,T,Y25-64,ED0-2,RO,2012,6.5,
ESTAT:TPS00066(1.0),13/06/24 23:00:00,A,PC,T,Y25-64,ED0-2,RO,2013,6.6,
ESTAT:TPS00066(1.0),13/06/24 23:00:00,A,PC,T,Y25-64,ED0-2,RO,2014,6.4,b
ESTAT:TPS00066(1.0),13/06/24 23:00:00,A,PC,T,Y25-64,ED0-2,RO,2015,7.7,
ESTAT:TPS00066(1.0),13/06/24 23:00:00,A,PC,T,Y25-64,ED0-2,RO,2016,7.3,
ESTAT:TPS00066(1.0),13/06/24 23:00:00,A,PC,T,Y25-64,ED0-2,RO,2017,6.3,
ESTAT:TPS00066(1.0),13/06/24 23:00:00,A,PC,T,Y25-64,ED0-2,RO,2018,5.4,
ESTAT:TPS00066(1.0),13/06/24 23:00:00,A,PC,T,Y25-64,ED0-2,RO,2019,5.7,
ESTAT:TPS00066(1.0),13/06/24 23:00:00,A,PC,T,Y25-64,ED0-2,RO,2020,7.9,
ESTAT:TPS00066(1.0),13/06/24 23:00:00,A,PC,T,Y25-64,ED0-2,RO,2021,12.4,b
ESTAT:TPS00066(1.0),13/06/24 23:00:00,A,PC,T,Y25-64,ED0-2,RO,2022,12.9,
ESTAT:TPS00066(1.0),13/06/24 23:00:00,A,PC,T,Y25-64,ED0-2,RO,2023,13.0,
ESTAT:TPS00066(1.0),13/06/24 23:00:00,A,PC,T,Y25-64,ED0-2,RS,2012,23.3,
ESTAT:TPS00066(1.0),13/06/24 23:00:00,A,PC,T,Y25-64,ED0-2,RS,2013,21.2,
ESTAT:TPS00066(1.0),13/06/24 23:00:00,A,PC,T,Y25-64,ED0-2,RS,2014,18.6,b
ESTAT:TPS00066(1.0),13/06/24 23:00:00,A,PC,T,Y25-64,ED0-2,RS,2015,15.8,
ESTAT:TPS00066(1.0),13/06/24 23:00:00,A,PC,T,Y25-64,ED0-2,RS,2016,13.7,
ESTAT:TPS00066(1.0),13/06/24 23:00:00,A,PC,T,Y25-64,ED0-2,RS,2017,12.3,
ESTAT:TPS00066(1.0),13/06/24 23:00:00,A,PC,T,Y25-64,ED0-2,RS,2018,13.4,
ESTAT:TPS00066(1.0),13/06/24 23:00:00,A,PC,T,Y25-64,ED0-2,RS,2019,11.4,
ESTAT:TPS00066(1.0),13/06/24 23:00:00,A,PC,T,Y25-64,ED0-2,RS,2020,9.6,
ESTAT:TPS00066(1.0),13/06/24 23:00:00,A,PC,T,Y25-64,ED0-2,RS,2021,14.0,b
ESTAT:TPS00066(1.0),13/06/24 23:00:00,A,PC,T,Y25-64,ED0-2,RS,2022,12.2,
ESTAT:TPS00066(1.0),13/06/24 23:00:00,A,PC,T,Y25-64,ED0-2,RS,2023,13.4,b
ESTAT:TPS00066(1.0),13/06/24 23:00:00,A,PC,T,Y25-64,ED0-2,SE,2012,12.3,
ESTAT:TPS00066(1.0),13/06/24 23:00:00,A,PC,T,Y25-64,ED0-2,SE,2013,13.4,
ESTAT:TPS00066(1.0),13/06/24 23:00:00,A,PC,T,Y25-64,ED0-2,SE,2014,13.9,b
ESTAT:TPS00066(1.0),13/06/24 23:00:00,A,PC,T,Y25-64,ED0-2,SE,2015,14.1,
ESTAT:TPS00066(1.0),13/06/24 23:00:00,A,PC,T,Y25-64,ED0-2,SE,2016,14.4,
ESTAT:TPS00066(1.0),13/06/24 23:00:00,A,PC,T,Y25-64,ED0-2,SE,2017,14.7,
ESTAT:TPS00066(1.0),13/06/24 23:00:00,A,PC,T,Y25-64,ED0-2,SE,2018,15.2,b
ESTAT:TPS00066(1.0),13/06/24 23:00:00,A,PC,T,Y25-64,ED0-2,SE,2019,16.0,
ESTAT:TPS00066(1.0),13/06/24 23:00:00,A,PC,T,Y25-64,ED0-2,SE,2020,20.7,
ESTAT:TPS00066(1.0),13/06/24 23:00:00,A,PC,T,Y25-64,ED0-2,SE,2021,23.9,b
ESTAT:TPS00066(1.0),13/06/24 23:00:00,A,PC,T,Y25-64,ED0-2,SE,2022,20.5,
ESTAT:TPS00066(1.0),13/06/24 23:00:00,A,PC,T,Y25-64,ED0-2,SE,2023,19.5,
ESTAT:TPS00066(1.0),13/06/24 23:00:00,A,PC,T,Y25-64,ED0-2,SI,2012,14.0,
ESTAT:TPS00066(1.0),13/06/24 23:00:00,A,PC,T,Y25-64,ED0-2,SI,2013,17.8,
ESTAT:TPS00066(1.0),13/06/24 23:00:00,A,PC,T,Y25-64,ED0-2,SI,2014,15.5,b
ESTAT:TPS00066(1.0),13/06/24 23:00:00,A,PC,T,Y25-64,ED0-2,SI,2015,13.6,
ESTAT:TPS00066(1.0),13/06/24 23:00:00,A,PC,T,Y25-64,ED0-2,SI,2016,14.0,
ESTAT:TPS00066(1.0),13/06/24 23:00:00,A,PC,T,Y25-64,ED0-2,SI,2017,10.5,
ESTAT:TPS00066(1.0),13/06/24 23:00:00,A,PC,T,Y25-64,ED0-2,SI,2018,8.7,
ESTAT:TPS00066(1.0),13/06/24 23:00:00,A,PC,T,Y25-64,ED0-2,SI,2019,9.1,
ESTAT:TPS00066(1.0),13/06/24 23:00:00,A,PC,T,Y25-64,ED0-2,SI,2020,9.6,
ESTAT:TPS00066(1.0),13/06/24 23:00:00,A,PC,T,Y25-64,ED0-2,SI,2021,7.8,bu
ESTAT:TPS00066(1.0),13/06/24 23:00:00,A,PC,T,Y25-64,ED0-2,SI,2022,8.2,u
ESTAT:TPS00066(1.0),13/06/24 23:00:00,A,PC,T,Y25-64,ED0-2,SI,2023,7.4,b
ESTAT:TPS00066(1.0),13/06/24 23:00:00,A,PC,T,Y25-64,ED0-2,SK,2012,41.5,
ESTAT:TPS00066(1.0),13/06/24 23:00:00,A,PC,T,Y25-64,ED0-2,SK,2013,40.0,
ESTAT:TPS00066(1.0),13/06/24 23:00:00,A,PC,T,Y25-64,ED0-2,SK,2014,39.3,b
ESTAT:TPS00066(1.0),13/06/24 23:00:00,A,PC,T,Y25-64,ED0-2,SK,2015,34.4,
ESTAT:TPS00066(1.0),13/06/24 23:00:00,A,PC,T,Y25-64,ED0-2,SK,2016,29.4,
ESTAT:TPS00066(1.0),13/06/24 23:00:00,A,PC,T,Y25-64,ED0-2,SK,2017,27.4,
ESTAT:TPS00066(1.0),13/06/24 23:00:00,A,PC,T,Y25-64,ED0-2,SK,2018,27.6,
ESTAT:TPS00066(1.0),13/06/24 23:00:00,A,PC,T,Y25-64,ED0-2,SK,2019,28.4,
ESTAT:TPS00066(1.0),13/06/24 23:00:00,A,PC,T,Y25-64,ED0-2,SK,2020,27.8,
ESTAT:TPS00066(1.0),13/06/24 23:00:00,A,PC,T,Y25-64,ED0-2,SK,2021,39.0,b
ESTAT:TPS00066(1.0),13/06/24 23:00:00,A,PC,T,Y25-64,ED0-2,SK,2022,38.7,
ESTAT:TPS00066(1.0),13/06/24 23:00:00,A,PC,T,Y25-64,ED0-2,SK,2023,34.8,
ESTAT:TPS00066(1.0),13/06/24 23:00:00,A,PC,T,Y25-64,ED0-2,TR,2012,6.7,
ESTAT:TPS00066(1.0),13/06/24 23:00:00,A,PC,T,Y25-64,ED0-2,TR,2013,7.3,
ESTAT:TPS00066(1.0),13/06/24 23:00:00,A,PC,T,Y25-64,ED0-2,TR,2014,8.4,b
ESTAT:TPS00066(1.0),13/06/24 23:00:00,A,PC,T,Y25-64,ED0-2,TR,2015,8.9,
ESTAT:TPS00066(1.0),13/06/24 23:00:00,A,PC,T,Y25-64,ED0-2,TR,2016,9.1,
ESTAT:TPS00066(1.0),13/06/24 23:00:00,A,PC,T,Y25-64,ED0-2,TR,2017,8.9,
ESTAT:TPS00066(1.0),13/06/24 23:00:00,A,PC,T,Y25-64,ED0-2,TR,2018,9.1,
ESTAT:TPS00066(1.0),13/06/24 23:00:00,A,PC,T,Y25-64,ED0-2,TR,2019,12.3,
ESTAT:TPS00066(1.0),13/06/24 23:00:00,A,PC,T,Y25-64,ED0-2,TR,2020,11.8,
ESTAT:TPS00066(1.0),13/06/24 23:00:00,A,PC,T,Y25-64,ED0-2,TR,2021,10.4,b
ESTAT:TPS00066(1.0),13/06/24 23:00:00,A,PC,T,Y25-64,ED0-2,TR,2022,8.6,
ESTAT:TPS00066(1.0),13/06/24 23:00:00,A,PC,T,Y25-64,ED0-2,TR,2023,7.6,
ESTAT:TPS00066(1.0),13/06/24 23:00:00,A,PC,T,Y25-64,ED0-2,UK,2012,10.3,
ESTAT:TPS00066(1.0),13/06/24 23:00:00,A,PC,T,Y25-64,ED0-2,UK,2013,10.6,
ESTAT:TPS00066(1.0),13/06/24 23:00:00,A,PC,T,Y25-64,ED0-2,UK,2014,8.4,b
ESTAT:TPS00066(1.0),13/06/24 23:00:00,A,PC,T,Y25-64,ED0-2,UK,2015,7.3,
ESTAT:TPS00066(1.0),13/06/24 23:00:00,A,PC,T,Y25-64,ED0-2,UK,2016,6.2,
ESTAT:TPS00066(1.0),13/06/24 23:00:00,A,PC,T,Y25-64,ED0-2,UK,2017,5.4,
ESTAT:TPS00066(1.0),13/06/24 23:00:00,A,PC,T,Y25-64,ED0-2,UK,2018,5.0,
ESTAT:TPS00066(1.0),13/06/24 23:00:00,A,PC,T,Y25-64,ED0-2,UK,2019,4.9,
ESTAT:TPS00066(1.0),13/06/24 23:00:00,A,PC,T,Y25-64,ED3_4,AT,2012,4.0,
ESTAT:TPS00066(1.0),13/06/24 23:00:00,A,PC,T,Y25-64,ED3_4,AT,2013,4.3,
ESTAT:TPS00066(1.0),13/06/24 23:00:00,A,PC,T,Y25-64,ED3_4,AT,2014,4.5,b
ESTAT:TPS00066(1.0),13/06/24 23:00:00,A,PC,T,Y25-64,ED3_4,AT,2015,4.9,
ESTAT:TPS00066(1.0),13/06/24 23:00:00,A,PC,T,Y25-64,ED3_4,AT,2016,5.2,
ESTAT:TPS00066(1.0),13/06/24 23:00:00,A,PC,T,Y25-64,ED3_4,AT,2017,4.7,
ESTAT:TPS00066(1.0),13/06/24 23:00:00,A,PC,T,Y25-64,ED3_4,AT,2018,3.8,
ESTAT:TPS00066(1.0),13/06/24 23:00:00,A,PC,T,Y25-64,ED3_4,AT,2019,3.6,
ESTAT:TPS00066(1.0),13/06/24 23:00:00,A,PC,T,Y25-64,ED3_4,AT,2020,4.5,
ESTAT:TPS00066(1.0),13/06/24 23:00:00,A,PC,T,Y25-64,ED3_4,AT,2021,5.4,b
ESTAT:TPS00066(1.0),13/06/24 23:00:00,A,PC,T,Y25-64,ED3_4,AT,2022,3.8,
ESTAT:TPS00066(1.0),13/06/24 23:00:00,A,PC,T,Y25-64,ED3_4,AT,2023,4.2,
ESTAT:TPS00066(1.0),13/06/24 23:00:00,A,PC,T,Y25-64,ED3_4,BA,2021,15.3,b
ESTAT:TPS00066(1.0),13/06/24 23:00:00,A,PC,T,Y25-64,ED3_4,BA,2022,13.2,
ESTAT:TPS00066(1.0),13/06/24 23:00:00,A,PC,T,Y25-64,ED3_4,BA,2023,11.6,
ESTAT:TPS00066(1.0),13/06/24 23:00:00,A,PC,T,Y25-64,ED3_4,BE,2012,6.7,
ESTAT:TPS00066(1.0),13/06/24 23:00:00,A,PC,T,Y25-64,ED3_4,BE,2013,6.8,
ESTAT:TPS00066(1.0),13/06/24 23:00:00,A,PC,T,Y25-64,ED3_4,BE,2014,7.3,b
ESTAT:TPS00066(1.0),13/06/24 23:00:00,A,PC,T,Y25-64,ED3_4,BE,2015,7.5,
ESTAT:TPS00066(1.0),13/06/24 23:00:00,A,PC,T,Y25-64,ED3_4,BE,2016,7.0,
ESTAT:TPS00066(1.0),13/06/24 23:00:00,A,PC,T,Y25-64,ED3_4,BE,2017,6.1,b
ESTAT:TPS00066(1.0),13/06/24 23:00:00,A,PC,T,Y25-64,ED3_4,BE,2018,5.1,
ESTAT:TPS00066(1.0),13/06/24 23:00:00,A,PC,T,Y25-64,ED3_4,BE,2019,4.6,
ESTAT:TPS00066(1.0),13/06/24 23:00:00,A,PC,T,Y25-64,ED3_4,BE,2020,4.9,
ESTAT:TPS00066(1.0),13/06/24 23:00:00,A,PC,T,Y25-64,ED3_4,BE,2021,5.8,b
ESTAT:TPS00066(1.0),13/06/24 23:00:00,A,PC,T,Y25-64,ED3_4,BE,2022,5.2,
ESTAT:TPS00066(1.0),13/06/24 23:00:00,A,PC,T,Y25-64,ED3_4,BE,2023,5.2,
ESTAT:TPS00066(1.0),13/06/24 23:00:00,A,PC,T,Y25-64,ED3_4,BG,2012,10.2,
ESTAT:TPS00066(1.0),13/06/24 23:00:00,A,PC,T,Y25-64,ED3_4,BG,2013,11.2,
ESTAT:TPS00066(1.0),13/06/24 23:00:00,A,PC,T,Y25-64,ED3_4,BG,2014,9.8,b
ESTAT:TPS00066(1.0),13/06/24 23:00:00,A,PC,T,Y25-64,ED3_4,BG,2015,7.6,
ESTAT:TPS00066(1.0),13/06/24 23:00:00,A,PC,T,Y25-64,ED3_4,BG,2016,6.2,
ESTAT:TPS00066(1.0),13/06/24 23:00:00,A,PC,T,Y25-64,ED3_4,BG,2017,4.9,
ESTAT:TPS00066(1.0),13/06/24 23:00:00,A,PC,T,Y25-64,ED3_4,BG,2018,4.2,
ESTAT:TPS00066(1.0),13/06/24 23:00:00,A,PC,T,Y25-64,ED3_4,BG,2019,3.2,
ESTAT:TPS00066(1.0),13/06/24 23:00:00,A,PC,T,Y25-64,ED3_4,BG,2020,4.3,
ESTAT:TPS00066(1.0),13/06/24 23:00:00,A,PC,T,Y25-64,ED3_4,BG,2021,4.5,b
ESTAT:TPS00066(1.0),13/06/24 23:00:00,A,PC,T,Y25-64,ED3_4,BG,2022,3.7,b
ESTAT:TPS00066(1.0),13/06/24 23:00:00,A,PC,T,Y25-64,ED3_4,BG,2023,3.8,
ESTAT:TPS00066(1.0),13/06/24 23:00:00,A,PC,T,Y25-64,ED3_4,CH,2012,3.7,
ESTAT:TPS00066(1.0),13/06/24 23:00:00,A,PC,T,Y25-64,ED3_4,CH,2013,3.8,
ESTAT:TPS00066(1.0),13/06/24 23:00:00,A,PC,T,Y25-64,ED3_4,CH,2014,4.1,b
ESTAT:TPS00066(1.0),13/06/24 23:00:00,A,PC,T,Y25-64,ED3_4,CH,2015,3.9,
ESTAT:TPS00066(1.0),13/06/24 23:00:00,A,PC,T,Y25-64,ED3_4,CH,2016,4.4,
ESTAT:TPS00066(1.0),13/06/24 23:00:00,A,PC,T,Y25-64,ED3_4,CH,2017,4.2,
ESTAT:TPS00066(1.0),13/06/24 23:00:00,A,PC,T,Y25-64,ED3_4,CH,2018,4.4,
ESTAT:TPS00066(1.0),13/06/24 23:00:00,A,PC,T,Y25-64,ED3_4,CH,2019,4.0,
ESTAT:TPS00066(1.0),13/06/24 23:00:00,A,PC,T,Y25-64,ED3_4,CH,2020,4.6,
ESTAT:TPS00066(1.0),13/06/24 23:00:00,A,PC,T,Y25-64,ED3_4,CH,2021,4.8,b
ESTAT:TPS00066(1.0),13/06/24 23:00:00,A,PC,T,Y25-64,ED3_4,CH,2022,3.6,
ESTAT:TPS00066(1.0),13/06/24 23:00:00,A,PC,T,Y25-64,ED3_4,CH,2023,3.1,
ESTAT:TPS00066(1.0),13/06/24 23:00:00,A,PC,T,Y25-64,ED3_4,CY,2012,11.2,
ESTAT:TPS00066(1.0),13/06/24 23:00:00,A,PC,T,Y25-64,ED3_4,CY,2013,14.8,
ESTAT:TPS00066(1.0),13/06/24 23:00:00,A,PC,T,Y25-64,ED3_4,CY,2014,15.6,b
ESTAT:TPS00066(1.0),13/06/24 23:00:00,A,PC,T,Y25-64,ED3_4,CY,2015,14.6,
ESTAT:TPS00066(1.0),13/06/24 23:00:00,A,PC,T,Y25-64,ED3_4,CY,2016,12.4,
ESTAT:TPS00066(1.0),13/06/24 23:00:00,A,PC,T,Y25-64,ED3_4,CY,2017,10.2,
ESTAT:TPS00066(1.0),13/06/24 23:00:00,A,PC,T,Y25-64,ED3_4,CY,2018,7.5,
ESTAT:TPS00066(1.0),13/06/24 23:00:00,A,PC,T,Y25-64,ED3_4,CY,2019,6.8,
ESTAT:TPS00066(1.0),13/06/24 23:00:00,A,PC,T,Y25-64,ED3_4,CY,2020,7.2,
ESTAT:TPS00066(1.0),13/06/24 23:00:00,A,PC,T,Y25-64,ED3_4,CY,2021,7.5,b
ESTAT:TPS00066(1.0),13/06/24 23:00:00,A,PC,T,Y25-64,ED3_4,CY,2022,6.2,
ESTAT:TPS00066(1.0),13/06/24 23:00:00,A,PC,T,Y25-64,ED3_4,CY,2023,5.5,
ESTAT:TPS00066(1.0),13/06/24 23:00:00,A,PC,T,Y25-64,ED3_4,CZ,2012,5.7,
ESTAT:TPS00066(1.0),13/06/24 23:00:00,A,PC,T,Y25-64,ED3_4,CZ,2013,6.1,
ESTAT:TPS00066(1.0),13/06/24 23:00:00,A,PC,T,Y25-64,ED3_4,CZ,2014,5.4,b
ESTAT:TPS00066(1.0),13/06/24 23:00:00,A,PC,T,Y25-64,ED3_4,CZ,2015,4.4,
ESTAT:TPS00066(1.0),13/06/24 23:00:00,A,PC,T,Y25-64,ED3_4,CZ,2016,3.2,
ESTAT:TPS00066(1.0),13/06/24 23:00:00,A,PC,T,Y25-64,ED3_4,CZ,2017,2.5,
ESTAT:TPS00066(1.0),13/06/24 23:00:00,A,PC,T,Y25-64,ED3_4,CZ,2018,1.9,
ESTAT:TPS00066(1.0),13/06/24 23:00:00,A,PC,T,Y25-64,ED3_4,CZ,2019,1.6,
ESTAT:TPS00066(1.0),13/06/24 23:00:00,A,PC,T,Y25-64,ED3_4,CZ,2020,2.2,
ESTAT:TPS00066(1.0),13/06/24 23:00:00,A,PC,T,Y25-64,ED3_4,CZ,2021,2.5,b
ESTAT:TPS00066(1.0),13/06/24 23:00:00,A,PC,T,Y25-64,ED3_4,CZ,2022,1.9,
ESTAT:TPS00066(1.0),13/06/24 23:00:00,A,PC,T,Y25-64,ED3_4,CZ,2023,2.1,
ESTAT:TPS00066(1.0),13/06/24 23:00:00,A,PC,T,Y25-64,ED3_4,DE,2012,5.3,b
ESTAT:TPS00066(1.0),13/06/24 23:00:00,A,PC,T,Y25-64,ED3_4,DE,2013,5.1,
ESTAT:TPS00066(1.0),13/06/24 23:00:00,A,PC,T,Y25-64,ED3_4,DE,2014,4.6,b
ESTAT:TPS00066(1.0),13/06/24 23:00:00,A,PC,T,Y25-64,ED3_4,DE,2015,4.3,
ESTAT:TPS00066(1.0),13/06/24 23:00:00,A,PC,T,Y25-64,ED3_4,DE,2016,3.7,
ESTAT:TPS00066(1.0),13/06/24 23:00:00,A,PC,T,Y25-64,ED3_4,DE,2017,3.3,
ESTAT:TPS00066(1.0),13/06/24 23:00:00,A,PC,T,Y25-64,ED3_4,DE,2018,2.9,
ESTAT:TPS00066(1.0),13/06/24 23:00:00,A,PC,T,Y25-64,ED3_4,DE,2019,2.6,
ESTAT:TPS00066(1.0),13/06/24 23:00:00,A,PC,T,Y25-64,ED3_4,DE,2020,3.1,b
ESTAT:TPS00066(1.0),13/06/24 23:00:00,A,PC,T,Y25-64,ED3_4,DE,2021,3.0,b
ESTAT:TPS00066(1.0),13/06/24 23:00:00,A,PC,T,Y25-64,ED3_4,DE,2022,2.6,
ESTAT:TPS00066(1.0),13/06/24 23:00:00,A,PC,T,Y25-64,ED3_4,DE,2023,2.4,
ESTAT:TPS00066(1.0),13/06/24 23:00:00,A,PC,T,Y25-64,ED3_4,DK,2012,6.2,
ESTAT:TPS00066(1.0),13/06/24 23:00:00,A,PC,T,Y25-64,ED3_4,DK,2013,5.8,
ESTAT:TPS00066(1.0),13/06/24 23:00:00,A,PC,T,Y25-64,ED3_4,DK,2014,5.4,b
ESTAT:TPS00066(1.0),13/06/24 23:00:00,A,PC,T,Y25-64,ED3_4,DK,2015,4.7,
ESTAT:TPS00066(1.0),13/06/24 23:00:00,A,PC,T,Y25-64,ED3_4,DK,2016,4.4,b
ESTAT:TPS00066(1.0),13/06/24 23:00:00,A,PC,T,Y25-64,ED3_4,DK,2017,3.9,b
ESTAT:TPS00066(1.0),13/06/24 23:00:00,A,PC,T,Y25-64,ED3_4,DK,2018,3.4,
ESTAT:TPS00066(1.0),13/06/24 23:00:00,A,PC,T,Y25-64,ED3_4,DK,2019,3.5,
ESTAT:TPS00066(1.0),13/06/24 23:00:00,A,PC,T,Y25-64,ED3_4,DK,2020,4.0,
ESTAT:TPS00066(1.0),13/06/24 23:00:00,A,PC,T,Y25-64,ED3_4,DK,2021,3.6,b
ESTAT:TPS00066(1.0),13/06/24 23:00:00,A,PC,T,Y25-64,ED3_4,DK,2022,2.8,
ESTAT:TPS00066(1.0),13/06/24 23:00:00,A,PC,T,Y25-64,ED3_4,DK,2023,3.5,b
ESTAT:TPS00066(1.0),13/06/24 23:00:00,A,PC,T,Y25-64,ED3_4,EA20,2012,8.8,
ESTAT:TPS00066(1.0),13/06/24 23:00:00,A,PC,T,Y25-64,ED3_4,EA20,2013,9.3,
ESTAT:TPS00066(1.0),13/06/24 23:00:00,A,PC,T,Y25-64,ED3_4,EA20,2014,9.0,b
ESTAT:TPS00066(1.0),13/06/24 23:00:00,A,PC,T,Y25-64,ED3_4,EA20,2015,8.6,
ESTAT:TPS00066(1.0),13/06/24 23:00:00,A,PC,T,Y25-64,ED3_4,EA20,2016,7.9,
ESTAT:TPS00066(1.0),13/06/24 23:00:00,A,PC,T,Y25-64,ED3_4,EA20,2017,7.2,
ESTAT:TPS00066(1.0),13/06/24 23:00:00,A,PC,T,Y25-64,ED3_4,EA20,2018,6.6,
ESTAT:TPS00066(1.0),13/06/24 23:00:00,A,PC,T,Y25-64,ED3_4,EA20,2019,6.1,
ESTAT:TPS00066(1.0),13/06/24 23:00:00,A,PC,T,Y25-64,ED3_4,EA20,2020,6.4,
ESTAT:TPS00066(1.0),13/06/24 23:00:00,A,PC,T,Y25-64,ED3_4,EA20,2021,6.4,b
ESTAT:TPS00066(1.0),13/06/24 23:00:00,A,PC,T,Y25-64,ED3_4,EA20,2022,5.6,
ESTAT:TPS00066(1.0),13/06/24 23:00:00,A,PC,T,Y25-64,ED3_4,EA20,2023,5.4,
ESTAT:TPS00066(1.0),13/06/24 23:00:00,A,PC,T,Y25-64,ED3_4,EE,2012,9.6,
ESTAT:TPS00066(1.0),13/06/24 23:00:00,A,PC,T,Y25-64,ED3_4,EE,2013,8.8,
ESTAT:TPS00066(1.0),13/06/24 23:00:00,A,PC,T,Y25-64,ED3_4,EE,2014,7.6,b
ESTAT:TPS00066(1.0),13/06/24 23:00:00,A,PC,T,Y25-64,ED3_4,EE,2015,6.2,
ESTAT:TPS00066(1.0),13/06/24 23:00:00,A,PC,T,Y25-64,ED3_4,EE,2016,7.6,
ESTAT:TPS00066(1.0),13/06/24 23:00:00,A,PC,T,Y25-64,ED3_4,EE,2017,6.2,
ESTAT:TPS00066(1.0),13/06/24 23:00:00,A,PC,T,Y25-64,ED3_4,EE,2018,5.2,
ESTAT:TPS00066(1.0),13/06/24 23:00:00,A,PC,T,Y25-64,ED3_4,EE,2019,4.5,
ESTAT:TPS00066(1.0),13/06/24 23:00:00,A,PC,T,Y25-64,ED3_4,EE,2020,6.7,
ESTAT:TPS00066(1.0),13/06/24 23:00:00,A,PC,T,Y25-64,ED3_4,EE,2021,6.4,b
ESTAT:TPS00066(1.0),13/06/24 23:00:00,A,PC,T,Y25-64,ED3_4,EE,2022,5.1,
ESTAT:TPS00066(1.0),13/06/24 23:00:00,A,PC,T,Y25-64,ED3_4,EE,2023,6.9,
ESTAT:TPS00066(1.0),13/06/24 23:00:00,A,PC,T,Y25-64,ED3_4,EL,2012,24.5,
ESTAT:TPS00066(1.0),13/06/24 23:00:00,A,PC,T,Y25-64,ED3_4,EL,2013,28.1,
ESTAT:TPS00066(1.0),13/06/24 23:00:00,A,PC,T,Y25-64,ED3_4,EL,2014,27.7,b
ESTAT:TPS00066(1.0),13/06/24 23:00:00,A,PC,T,Y25-64,ED3_4,EL,2015,25.5,
ESTAT:TPS00066(1.0),13/06/24 23:00:00,A,PC,T,Y25-64,ED3_4,EL,2016,24.2,
ESTAT:TPS00066(1.0),13/06/24 23:00:00,A,PC,T,Y25-64,ED3_4,EL,2017,22.3,
ESTAT:TPS00066(1.0),13/06/24 23:00:00,A,PC,T,Y25-64,ED3_4,EL,2018,20.4,
ESTAT:TPS00066(1.0),13/06/24 23:00:00,A,PC,T,Y25-64,ED3_4,EL,2019,18.6,
ESTAT:TPS00066(1.0),13/06/24 23:00:00,A,PC,T,Y25-64,ED3_4,EL,2020,17.3,
ESTAT:TPS00066(1.0),13/06/24 23:00:00,A,PC,T,Y25-64,ED3_4,EL,2021,15.6,b
ESTAT:TPS00066(1.0),13/06/24 23:00:00,A,PC,T,Y25-64,ED3_4,EL,2022,13.1,
ESTAT:TPS00066(1.0),13/06/24 23:00:00,A,PC,T,Y25-64,ED3_4,EL,2023,11.6,
ESTAT:TPS00066(1.0),13/06/24 23:00:00,A,PC,T,Y25-64,ED3_4,ES,2012,21.5,
ESTAT:TPS00066(1.0),13/06/24 23:00:00,A,PC,T,Y25-64,ED3_4,ES,2013,23.2,
ESTAT:TPS00066(1.0),13/06/24 23:00:00,A,PC,T,Y25-64,ED3_4,ES,2014,21.6,b
ESTAT:TPS00066(1.0),13/06/24 23:00:00,A,PC,T,Y25-64,ED3_4,ES,2015,19.2,
ESTAT:TPS00066(1.0),13/06/24 23:00:00,A,PC,T,Y25-64,ED3_4,ES,2016,17.0,
ESTAT:TPS00066(1.0),13/06/24 23:00:00,A,PC,T,Y25-64,ED3_4,ES,2017,15.1,
ESTAT:TPS00066(1.0),13/06/24 23:00:00,A,PC,T,Y25-64,ED3_4,ES,2018,13.8,
ESTAT:TPS00066(1.0),13/06/24 23:00:00,A,PC,T,Y25-64,ED3_4,ES,2019,12.7,
ESTAT:TPS00066(1.0),13/06/24 23:00:00,A,PC,T,Y25-64,ED3_4,ES,2020,14.5,
ESTAT:TPS00066(1.0),13/06/24 23:00:00,A,PC,T,Y25-64,ED3_4,ES,2021,14.2,bd
ESTAT:TPS00066(1.0),13/06/24 23:00:00,A,PC,T,Y25-64,ED3_4,ES,2022,12.6,d
ESTAT:TPS00066(1.0),13/06/24 23:00:00,A,PC,T,Y25-64,ED3_4,ES,2023,11.5,d
ESTAT:TPS00066(1.0),13/06/24 23:00:00,A,PC,T,Y25-64,ED3_4,EU27_2020,2012,8.5,
ESTAT:TPS00066(1.0),13/06/24 23:00:00,A,PC,T,Y25-64,ED3_4,EU27_2020,2013,8.9,
ESTAT:TPS00066(1.0),13/06/24 23:00:00,A,PC,T,Y25-64,ED3_4,EU27_2020,2014,8.5,b
ESTAT:TPS00066(1.0),13/06/24 23:00:00,A,PC,T,Y25-64,ED3_4,EU27_2020,2015,7.9,
ESTAT:TPS00066(1.0),13/06/24 23:00:00,A,PC,T,Y25-64,ED3_4,EU27_2020,2016,7.1,
ESTAT:TPS00066(1.0),13/06/24 23:00:00,A,PC,T,Y25-64,ED3_4,EU27_2020,2017,6.3,
ESTAT:TPS00066(1.0),13/06/24 23:00:00,A,PC,T,Y25-64,ED3_4,EU27_2020,2018,5.7,
ESTAT:TPS00066(1.0),13/06/24 23:00:00,A,PC,T,Y25-64,ED3_4,EU27_2020,2019,5.2,
ESTAT:TPS00066(1.0),13/06/24 23:00:00,A,PC,T,Y25-64,ED3_4,EU27_2020,2020,5.5,
ESTAT:TPS00066(1.0),13/06/24 23:00:00,A,PC,T,Y25-64,ED3_4,EU27_2020,2021,5.6,b
ESTAT:TPS00066(1.0),13/06/24 23:00:00,A,PC,T,Y25-64,ED3_4,EU27_2020,2022,4.9,
ESTAT:TPS00066(1.0),13/06/24 23:00:00,A,PC,T,Y25-64,ED3_4,EU27_2020,2023,4.8,
ESTAT:TPS00066(1.0),13/06/24 23:00:00,A,PC,T,Y25-64,ED3_4,FI,2012,7.1,
ESTAT:TPS00066(1.0),13/06/24 23:00:00,A,PC,T,Y25-64,ED3_4,FI,2013,7.5,
ESTAT:TPS00066(1.0),13/06/24 23:00:00,A,PC,T,Y25-64,ED3_4,FI,2014,8.1,b
ESTAT:TPS00066(1.0),13/06/24 23:00:00,A,PC,T,Y25-64,ED3_4,FI,2015,8.8,
ESTAT:TPS00066(1.0),13/06/24 23:00:00,A,PC,T,Y25-64,ED3_4,FI,2016,8.2,
ESTAT:TPS00066(1.0),13/06/24 23:00:00,A,PC,T,Y25-64,ED3_4,FI,2017,8.3,
ESTAT:TPS00066(1.0),13/06/24 23:00:00,A,PC,T,Y25-64,ED3_4,FI,2018,7.5,
ESTAT:TPS00066(1.0),13/06/24 23:00:00,A,PC,T,Y25-64,ED3_4,FI,2019,6.2,
ESTAT:TPS00066(1.0),13/06/24 23:00:00,A,PC,T,Y25-64,ED3_4,FI,2020,7.5,
ESTAT:TPS00066(1.0),13/06/24 23:00:00,A,PC,T,Y25-64,ED3_4,FI,2021,7.3,b
ESTAT:TPS00066(1.0),13/06/24 23:00:00,A,PC,T,Y25-64,ED3_4,FI,2022,6.8,
ESTAT:TPS00066(1.0),13/06/24 23:00:00,A,PC,T,Y25-64,ED3_4,FI,2023,7.0,
ESTAT:TPS00066(1.0),13/06/24 23:00:00,A,PC,T,Y25-64,ED3_4,FR,2012,7.8,
ESTAT:TPS00066(1.0),13/06/24 23:00:00,A,PC,T,Y25-64,ED3_4,FR,2013,8.5,b
ESTAT:TPS00066(1.0),13/06/24 23:00:00,A,PC,T,Y25-64,ED3_4,FR,2014,9.0,b
ESTAT:TPS00066(1.0),13/06/24 23:00:00,A,PC,T,Y25-64,ED3_4,FR,2015,9.1,
ESTAT:TPS00066(1.0),13/06/24 23:00:00,A,PC,T,Y25-64,ED3_4,FR,2016,9.0,
ESTAT:TPS00066(1.0),13/06/24 23:00:00,A,PC,T,Y25-64,ED3_4,FR,2017,8.5,
ESTAT:TPS00066(1.0),13/06/24 23:00:00,A,PC,T,Y25-64,ED3_4,FR,2018,8.2,
ESTAT:TPS00066(1.0),13/06/24 23:00:00,A,PC,T,Y25-64,ED3_4,FR,2019,7.9,
ESTAT:TPS00066(1.0),13/06/24 23:00:00,A,PC,T,Y25-64,ED3_4,FR,2020,7.4,
ESTAT:TPS00066(1.0),13/06/24 23:00:00,A,PC,T,Y25-64,ED3_4,FR,2021,7.1,bd
ESTAT:TPS00066(1.0),13/06/24 23:00:00,A,PC,T,Y25-64,ED3_4,FR,2022,6.7,d
ESTAT:TPS00066(1.0),13/06/24 23:00:00,A,PC,T,Y25-64,ED3_4,FR,2023,6.7,d
ESTAT:TPS00066(1.0),13/06/24 23:00:00,A,PC,T,Y25-64,ED3_4,HR,2012,14.6,
ESTAT:TPS00066(1.0),13/06/24 23:00:00,A,PC,T,Y25-64,ED3_4,HR,2013,15.3,
ESTAT:TPS00066(1.0),13/06/24 23:00:00,A,PC,T,Y25-64,ED3_4,HR,2014,15.2,b
ESTAT:TPS00066(1.0),13/06/24 23:00:00,A,PC,T,Y25-64,ED3_4,HR,2015,14.8,
ESTAT:TPS00066(1.0),13/06/24 23:00:00,A,PC,T,Y25-64,ED3_4,HR,2016,12.2,
ESTAT:TPS00066(1.0),13/06/24 23:00:00,A,PC,T,Y25-64,ED3_4,HR,2017,9.7,
ESTAT:TPS00066(1.0),13/06/24 23:00:00,A,PC,T,Y25-64,ED3_4,HR,2018,7.2,
ESTAT:TPS00066(1.0),13/06/24 23:00:00,A,PC,T,Y25-64,ED3_4,HR,2019,5.8,
ESTAT:TPS00066(1.0),13/06/24 23:00:00,A,PC,T,Y25-64,ED3_4,HR,2020,6.8,
ESTAT:TPS00066(1.0),13/06/24 23:00:00,A,PC,T,Y25-64,ED3_4,HR,2021,6.9,b
ESTAT:TPS00066(1.0),13/06/24 23:00:00,A,PC,T,Y25-64,ED3_4,HR,2022,6.0,
ESTAT:TPS00066(1.0),13/06/24 23:00:00,A,PC,T,Y25-64,ED3_4,HR,2023,5.5,b
ESTAT:TPS00066(1.0),13/06/24 23:00:00,A,PC,T,Y25-64,ED3_4,HU,2012,9.5,
ESTAT:TPS00066(1.0),13/06/24 23:00:00,A,PC,T,Y25-64,ED3_4,HU,2013,8.8,
ESTAT:TPS00066(1.0),13/06/24 23:00:00,A,PC,T,Y25-64,ED3_4,HU,2014,6.5,b
ESTAT:TPS00066(1.0),13/06/24 23:00:00,A,PC,T,Y25-64,ED3_4,HU,2015,5.7,
ESTAT:TPS00066(1.0),13/06/24 23:00:00,A,PC,T,Y25-64,ED3_4,HU,2016,4.2,
ESTAT:TPS00066(1.0),13/06/24 23:00:00,A,PC,T,Y25-64,ED3_4,HU,2017,3.3,
ESTAT:TPS00066(1.0),13/06/24 23:00:00,A,PC,T,Y25-64,ED3_4,HU,2018,3.0,
ESTAT:TPS00066(1.0),13/06/24 23:00:00,A,PC,T,Y25-64,ED3_4,HU,2019,2.5,
ESTAT:TPS00066(1.0),13/06/24 23:00:00,A,PC,T,Y25-64,ED3_4,HU,2020,3.5,
ESTAT:TPS00066(1.0),13/06/24 23:00:00,A,PC,T,Y25-64,ED3_4,HU,2021,3.3,b
ESTAT:TPS00066(1.0),13/06/24 23:00:00,A,PC,T,Y25-64,ED3_4,HU,2022,2.9,
ESTAT:TPS00066(1.0),13/06/24 23:00:00,A,PC,T,Y25-64,ED3_4,HU,2023,3.3,
ESTAT:TPS00066(1.0),13/06/24 23:00:00,A,PC,T,Y25-64,ED3_4,IE,2012,16.2,
ESTAT:TPS00066(1.0),13/06/24 23:00:00,A,PC,T,Y25-64,ED3_4,IE,2013,15.0,
ESTAT:TPS00066(1.0),13/06/24 23:00:00,A,PC,T,Y25-64,ED3_4,IE,2014,12.8,b
ESTAT:TPS00066(1.0),13/06/24 23:00:00,A,PC,T,Y25-64,ED3_4,IE,2015,10.7,
ESTAT:TPS00066(1.0),13/06/24 23:00:00,A,PC,T,Y25-64,ED3_4,IE,2016,8.5,
ESTAT:TPS00066(1.0),13/06/24 23:00:00,A,PC,T,Y25-64,ED3_4,IE,2017,7.1,b
ESTAT:TPS00066(1.0),13/06/24 23:00:00,A,PC,T,Y25-64,ED3_4,IE,2018,5.5,
ESTAT:TPS00066(1.0),13/06/24 23:00:00,A,PC,T,Y25-64,ED3_4,IE,2019,4.8,
ESTAT:TPS00066(1.0),13/06/24 23:00:00,A,PC,T,Y25-64,ED3_4,IE,2020,5.3,
ESTAT:TPS00066(1.0),13/06/24 23:00:00,A,PC,T,Y25-64,ED3_4,IE,2021,6.5,b
ESTAT:TPS00066(1.0),13/06/24 23:00:00,A,PC,T,Y25-64,ED3_4,IE,2022,4.5,
ESTAT:TPS00066(1.0),13/06/24 23:00:00,A,PC,T,Y25-64,ED3_4,IE,2023,4.0,
ESTAT:TPS00066(1.0),13/06/24 23:00:00,A,PC,T,Y25-64,ED3_4,IS,2012,4.1,
ESTAT:TPS00066(1.0),13/06/24 23:00:00,A,PC,T,Y25-64,ED3_4,IS,2013,4.1,
ESTAT:TPS00066(1.0),13/06/24 23:00:00,A,PC,T,Y25-64,ED3_4,IS,2014,4.0,b
ESTAT:TPS00066(1.0),13/06/24 23:00:00,A,PC,T,Y25-64,ED3_4,IS,2015,3.1,
ESTAT:TPS00066(1.0),13/06/24 23:00:00,A,PC,T,Y25-64,ED3_4,IS,2016,3.0,
ESTAT:TPS00066(1.0),13/06/24 23:00:00,A,PC,T,Y25-64,ED3_4,IS,2017,2.0,
ESTAT:TPS00066(1.0),13/06/24 23:00:00,A,PC,T,Y25-64,ED3_4,IS,2018,2.0,
ESTAT:TPS00066(1.0),13/06/24 23:00:00,A,PC,T,Y25-64,ED3_4,IS,2019,3.0,
ESTAT:TPS00066(1.0),13/06/24 23:00:00,A,PC,T,Y25-64,ED3_4,IS,2020,5.7,b
ESTAT:TPS00066(1.0),13/06/24 23:00:00,A,PC,T,Y25-64,ED3_4,IS,2021,6.0,b
ESTAT:TPS00066(1.0),13/06/24 23:00:00,A,PC,T,Y25-64,ED3_4,IS,2022,2.9,
ESTAT:TPS00066(1.0),13/06/24 23:00:00,A,PC,T,Y25-64,ED3_4,IS,2023,2.5,
ESTAT:TPS00066(1.0),13/06/24 23:00:00,A,PC,T,Y25-64,ED3_4,IT,2012,7.7,
ESTAT:TPS00066(1.0),13/06/24 23:00:00,A,PC,T,Y25-64,ED3_4,IT,2013,8.9,
ESTAT:TPS00066(1.0),13/06/24 23:00:00,A,PC,T,Y25-64,ED3_4,IT,2014,9.1,b
ESTAT:TPS00066(1.0),13/06/24 23:00:00,A,PC,T,Y25-64,ED3_4,IT,2015,8.9,
ESTAT:TPS00066(1.0),13/06/24 23:00:00,A,PC,T,Y25-64,ED3_4,IT,2016,8.8,
ESTAT:TPS00066(1.0),13/06/24 23:00:00,A,PC,T,Y25-64,ED3_4,IT,2017,8.6,
ESTAT:TPS00066(1.0),13/06/24 23:00:00,A,PC,T,Y25-64,ED3_4,IT,2018,8.4,b
ESTAT:TPS00066(1.0),13/06/24 23:00:00,A,PC,T,Y25-64,ED3_4,IT,2019,7.9,
ESTAT:TPS00066(1.0),13/06/24 23:00:00,A,PC,T,Y25-64,ED3_4,IT,2020,7.2,
ESTAT:TPS00066(1.0),13/06/24 23:00:00,A,PC,T,Y25-64,ED3_4,IT,2021,7.7,b
ESTAT:TPS00066(1.0),13/06/24 23:00:00,A,PC,T,Y25-64,ED3_4,IT,2022,6.5,
ESTAT:TPS00066(1.0),13/06/24 23:00:00,A,PC,T,Y25-64,ED3_4,IT,2023,6.2,
ESTAT:TPS00066(1.0),13/06/24 23:00:00,A,PC,T,Y25-64,ED3_4,LT,2012,15.7,
ESTAT:TPS00066(1.0),13/06/24 23:00:00,A,PC,T,Y25-64,ED3_4,LT,2013,13.9,
ESTAT:TPS00066(1.0),13/06/24 23:00:00,A,PC,T,Y25-64,ED3_4,LT,2014,13.2,b
ESTAT:TPS00066(1.0),13/06/24 23:00:00,A,PC,T,Y25-64,ED3_4,LT,2015,11.5,
ESTAT:TPS00066(1.0),13/06/24 23:00:00,A,PC,T,Y25-64,ED3_4,LT,2016,10.1,
ESTAT:TPS00066(1.0),13/06/24 23:00:00,A,PC,T,Y25-64,ED3_4,LT,2017,9.2,
ESTAT:TPS00066(1.0),13/06/24 23:00:00,A,PC,T,Y25-64,ED3_4,LT,2018,8.0,
ESTAT:TPS00066(1.0),13/06/24 23:00:00,A,PC,T,Y25-64,ED3_4,LT,2019,8.1,
ESTAT:TPS00066(1.0),13/06/24 23:00:00,A,PC,T,Y25-64,ED3_4,LT,2020,10.8,
ESTAT:TPS00066(1.0),13/06/24 23:00:00,A,PC,T,Y25-64,ED3_4,LT,2021,9.2,b
ESTAT:TPS00066(1.0),13/06/24 23:00:00,A,PC,T,Y25-64,ED3_4,LT,2022,7.5,
ESTAT:TPS00066(1.0),13/06/24 23:00:00,A,PC,T,Y25-64,ED3_4,LT,2023,8.8,
ESTAT:TPS00066(1.0),13/06/24 23:00:00,A,PC,T,Y25-64,ED3_4,LU,2012,4.2,
ESTAT:TPS00066(1.0),13/06/24 23:00:00,A,PC,T,Y25-64,ED3_4,LU,2013,5.5,
ESTAT:TPS00066(1.0),13/06/24 23:00:00,A,PC,T,Y25-64,ED3_4,LU,2014,5.1,b
ESTAT:TPS00066(1.0),13/06/24 23:00:00,A,PC,T,Y25-64,ED3_4,LU,2015,5.4,b
ESTAT:TPS00066(1.0),13/06/24 23:00:00,A,PC,T,Y25-64,ED3_4,LU,2016,5.7,
ESTAT:TPS00066(1.0),13/06/24 23:00:00,A,PC,T,Y25-64,ED3_4,LU,2017,4.7,
ESTAT:TPS00066(1.0),13/06/24 23:00:00,A,PC,T,Y25-64,ED3_4,LU,2018,4.8,
ESTAT:TPS00066(1.0),13/06/24 23:00:00,A,PC,T,Y25-64,ED3_4,LU,2019,5.1,
ESTAT:TPS00066(1.0),13/06/24 23:00:00,A,PC,T,Y25-64,ED3_4,LU,2020,5.2,
ESTAT:TPS00066(1.0),13/06/24 23:00:00,A,PC,T,Y25-64,ED3_4,LU,2021,4.3,b
ESTAT:TPS00066(1.0),13/06/24 23:00:00,A,PC,T,Y25-64,ED3_4,LU,2022,2.9,
ESTAT:TPS00066(1.0),13/06/24 23:00:00,A,PC,T,Y25-64,ED3_4,LU,2023,4.5,u
ESTAT:TPS00066(1.0),13/06/24 23:00:00,A,PC,T,Y25-64,ED3_4,LV,2012,16.7,
ESTAT:TPS00066(1.0),13/06/24 23:00:00,A,PC,T,Y25-64,ED3_4,LV,2013,12.5,
ESTAT:TPS00066(1.0),13/06/24 23:00:00,A,PC,T,Y25-64,ED3_4,LV,2014,11.2,b
ESTAT:TPS00066(1.0),13/06/24 23:00:00,A,PC,T,Y25-64,ED3_4,LV,2015,10.7,
ESTAT:TPS00066(1.0),13/06/24 23:00:00,A,PC,T,Y25-64,ED3_4,LV,2016,11.3,
ESTAT:TPS00066(1.0),13/06/24 23:00:00,A,PC,T,Y25-64,ED3_4,LV,2017,9.9,
ESTAT:TPS00066(1.0),13/06/24 23:00:00,A,PC,T,Y25-64,ED3_4,LV,2018,8.3,
ESTAT:TPS00066(1.0),13/06/24 23:00:00,A,PC,T,Y25-64,ED3_4,LV,2019,6.9,
ESTAT:TPS00066(1.0),13/06/24 23:00:00,A,PC,T,Y25-64,ED3_4,LV,2020,8.8,
ESTAT:TPS00066(1.0),13/06/24 23:00:00,A,PC,T,Y25-64,ED3_4,LV,2021,8.8,b
ESTAT:TPS00066(1.0),13/06/24 23:00:00,A,PC,T,Y25-64,ED3_4,LV,2022,7.4,
ESTAT:TPS00066(1.0),13/06/24 23:00:00,A,PC,T,Y25-64,ED3_4,LV,2023,8.0,
ESTAT:TPS00066(1.0),13/06/24 23:00:00,A,PC,T,Y25-64,ED3_4,ME,2012,18.7,
ESTAT:TPS00066(1.0),13/06/24 23:00:00,A,PC,T,Y25-64,ED3_4,ME,2013,18.4,
ESTAT:TPS00066(1.0),13/06/24 23:00:00,A,PC,T,Y25-64,ED3_4,ME,2014,17.5,b
ESTAT:TPS00066(1.0),13/06/24 23:00:00,A,PC,T,Y25-64,ED3_4,ME,2015,16.8,
ESTAT:TPS00066(1.0),13/06/24 23:00:00,A,PC,T,Y25-64,ED3_4,ME,2016,17.2,
ESTAT:TPS00066(1.0),13/06/24 23:00:00,A,PC,T,Y25-64,ED3_4,ME,2017,15.6,
ESTAT:TPS00066(1.0),13/06/24 23:00:00,A,PC,T,Y25-64,ED3_4,ME,2018,14.6,
ESTAT:TPS00066(1.0),13/06/24 23:00:00,A,PC,T,Y25-64,ED3_4,ME,2019,14.1,
ESTAT:TPS00066(1.0),13/06/24 23:00:00,A,PC,T,Y25-64,ED3_4,ME,2020,15.9,
ESTAT:TPS00066(1.0),13/06/24 23:00:00,A,PC,T,Y25-64,ED3_4,MK,2012,28.7,
ESTAT:TPS00066(1.0),13/06/24 23:00:00,A,PC,T,Y25-64,ED3_4,MK,2013,25.8,
ESTAT:TPS00066(1.0),13/06/24 23:00:00,A,PC,T,Y25-64,ED3_4,MK,2014,25.1,b
ESTAT:TPS00066(1.0),13/06/24 23:00:00,A,PC,T,Y25-64,ED3_4,MK,2015,23.7,
ESTAT:TPS00066(1.0),13/06/24 23:00:00,A,PC,T,Y25-64,ED3_4,MK,2016,20.6,
ESTAT:TPS00066(1.0),13/06/24 23:00:00,A,PC,T,Y25-64,ED3_4,MK,2017,19.5,
ESTAT:TPS00066(1.0),13/06/24 23:00:00,A,PC,T,Y25-64,ED3_4,MK,2018,18.0,
ESTAT:TPS00066(1.0),13/06/24 23:00:00,A,PC,T,Y25-64,ED3_4,MK,2019,14.0,
ESTAT:TPS00066(1.0),13/06/24 23:00:00,A,PC,T,Y25-64,ED3_4,MK,2020,13.8,
ESTAT:TPS00066(1.0),13/06/24 23:00:00,A,PC,T,Y25-64,ED3_4,MT,2012,2.3,
ESTAT:TPS00066(1.0),13/06/24 23:00:00,A,PC,T,Y25-64,ED3_4,MT,2013,2.5,
ESTAT:TPS00066(1.0),13/06/24 23:00:00,A,PC,T,Y25-64,ED3_4,MT,2014,2.5,b
ESTAT:TPS00066(1.0),13/06/24 23:00:00,A,PC,T,Y25-64,ED3_4,MT,2015,2.7,
ESTAT:TPS00066(1.0),13/06/24 23:00:00,A,PC,T,Y25-64,ED3_4,MT,2016,2.5,
ESTAT:TPS00066(1.0),13/06/24 23:00:00,A,PC,T,Y25-64,ED3_4,MT,2017,1.9,
ESTAT:TPS00066(1.0),13/06/24 23:00:00,A,PC,T,Y25-64,ED3_4,MT,2018,2.9,
ESTAT:TPS00066(1.0),13/06/24 23:00:00,A,PC,T,Y25-64,ED3_4,MT,2019,3.2,
ESTAT:TPS00066(1.0),13/06/24 23:00:00,A,PC,T,Y25-64,ED3_4,MT,2020,3.8,
ESTAT:TPS00066(1.0),13/06/24 23:00:00,A,PC,T,Y25-64,ED3_4,MT,2021,3.2,b
ESTAT:TPS00066(1.0),13/06/24 23:00:00,A,PC,T,Y25-64,ED3_4,MT,2022,2.4,
ESTAT:TPS00066(1.0),13/06/24 23:00:00,A,PC,T,Y25-64,ED3_4,MT,2023,2.1,u
ESTAT:TPS00066(1.0),13/06/24 23:00:00,A,PC,T,Y25-64,ED3_4,NL,2012,4.9,
ESTAT:TPS00066(1.0),13/06/24 23:00:00,A,PC,T,Y25-64,ED3_4,NL,2013,6.7,b
ESTAT:TPS00066(1.0),13/06/24 23:00:00,A,PC,T,Y25-64,ED3_4,NL,2014,7.1,b
ESTAT:TPS00066(1.0),13/06/24 23:00:00,A,PC,T,Y25-64,ED3_4,NL,2015,6.8,
ESTAT:TPS00066(1.0),13/06/24 23:00:00,A,PC,T,Y25-64,ED3_4,NL,2016,5.7,
ESTAT:TPS00066(1.0),13/06/24 23:00:00,A,PC,T,Y25-64,ED3_4,NL,2017,4.4,
ESTAT:TPS00066(1.0),13/06/24 23:00:00,A,PC,T,Y25-64,ED3_4,NL,2018,3.3,
ESTAT:TPS00066(1.0),13/06/24 23:00:00,A,PC,T,Y25-64,ED3_4,NL,2019,2.8,b
ESTAT:TPS00066(1.0),13/06/24 23:00:00,A,PC,T,Y25-64,ED3_4,NL,2020,2.7,
ESTAT:TPS00066(1.0),13/06/24 23:00:00,A,PC,T,Y25-64,ED3_4,NL,2021,3.1,b
ESTAT:TPS00066(1.0),13/06/24 23:00:00,A,PC,T,Y25-64,ED3_4,NL,2022,2.4,
ESTAT:TPS00066(1.0),13/06/24 23:00:00,A,PC,T,Y25-64,ED3_4,NL,2023,2.3,
ESTAT:TPS00066(1.0),13/06/24 23:00:00,A,PC,T,Y25-64,ED3_4,NO,2012,2.3,
ESTAT:TPS00066(1.0),13/06/24 23:00:00,A,PC,T,Y25-64,ED3_4,NO,2013,2.3,
ESTAT:TPS00066(1.0),13/06/24 23:00:00,A,PC,T,Y25-64,ED3_4,NO,2014,2.6,b
ESTAT:TPS00066(1.0),13/06/24 23:00:00,A,PC,T,Y25-64,ED3_4,NO,2015,3.4,
ESTAT:TPS00066(1.0),13/06/24 23:00:00,A,PC,T,Y25-64,ED3_4,NO,2016,3.5,
ESTAT:TPS00066(1.0),13/06/24 23:00:00,A,PC,T,Y25-64,ED3_4,NO,2017,3.2,
ESTAT:TPS00066(1.0),13/06/24 23:00:00,A,PC,T,Y25-64,ED3_4,NO,2018,2.9,
ESTAT:TPS00066(1.0),13/06/24 23:00:00,A,PC,T,Y25-64,ED3_4,NO,2019,2.9,
ESTAT:TPS00066(1.0),13/06/24 23:00:00,A,PC,T,Y25-64,ED3_4,NO,2020,3.6,
ESTAT:TPS00066(1.0),13/06/24 23:00:00,A,PC,T,Y25-64,ED3_4,NO,2021,2.8,b
ESTAT:TPS00066(1.0),13/06/24 23:00:00,A,PC,T,Y25-64,ED3_4,NO,2022,1.9,
ESTAT:TPS00066(1.0),13/06/24 23:00:00,A,PC,T,Y25-64,ED3_4,NO,2023,2.0,
ESTAT:TPS00066(1.0),13/06/24 23:00:00,A,PC,T,Y25-64,ED3_4,PL,2012,9.3,
ESTAT:TPS00066(1.0),13/06/24 23:00:00,A,PC,T,Y25-64,ED3_4,PL,2013,9.7,
ESTAT:TPS00066(1.0),13/06/24 23:00:00,A,PC,T,Y25-64,ED3_4,PL,2014,8.6,b
ESTAT:TPS00066(1.0),13/06/24 23:00:00,A,PC,T,Y25-64,ED3_4,PL,2015,7.2,
ESTAT:TPS00066(1.0),13/06/24 23:00:00,A,PC,T,Y25-64,ED3_4,PL,2016,5.8,
ESTAT:TPS00066(1.0),13/06/24 23:00:00,A,PC,T,Y25-64,ED3_4,PL,2017,4.7,
ESTAT:TPS00066(1.0),13/06/24 23:00:00,A,PC,T,Y25-64,ED3_4,PL,2018,3.7,
ESTAT:TPS00066(1.0),13/06/24 23:00:00,A,PC,T,Y25-64,ED3_4,PL,2019,3.0,b
ESTAT:TPS00066(1.0),13/06/24 23:00:00,A,PC,T,Y25-64,ED3_4,PL,2020,2.8,
ESTAT:TPS00066(1.0),13/06/24 23:00:00,A,PC,T,Y25-64,ED3_4,PL,2021,3.3,b
ESTAT:TPS00066(1.0),13/06/24 23:00:00,A,PC,T,Y25-64,ED3_4,PL,2022,2.9,
ESTAT:TPS00066(1.0),13/06/24 23:00:00,A,PC,T,Y25-64,ED3_4,PL,2023,2.9,
ESTAT:TPS00066(1.0),13/06/24 23:00:00,A,PC,T,Y25-64,ED3_4,PT,2012,14.4,
ESTAT:TPS00066(1.0),13/06/24 23:00:00,A,PC,T,Y25-64,ED3_4,PT,2013,14.4,
ESTAT:TPS00066(1.0),13/06/24 23:00:00,A,PC,T,Y25-64,ED3_4,PT,2014,12.6,b
ESTAT:TPS00066(1.0),13/06/24 23:00:00,A,PC,T,Y25-64,ED3_4,PT,2015,11.4,
ESTAT:TPS00066(1.0),13/06/24 23:00:00,A,PC,T,Y25-64,ED3_4,PT,2016,10.5,
ESTAT:TPS00066(1.0),13/06/24 23:00:00,A,PC,T,Y25-64,ED3_4,PT,2017,8.0,
ESTAT:TPS00066(1.0),13/06/24 23:00:00,A,PC,T,Y25-64,ED3_4,PT,2018,6.6,
ESTAT:TPS00066(1.0),13/06/24 23:00:00,A,PC,T,Y25-64,ED3_4,PT,2019,5.8,
ESTAT:TPS00066(1.0),13/06/24 23:00:00,A,PC,T,Y25-64,ED3_4,PT,2020,6.6,
ESTAT:TPS00066(1.0),13/06/24 23:00:00,A,PC,T,Y25-64,ED3_4,PT,2021,6.3,b
ESTAT:TPS00066(1.0),13/06/24 23:00:00,A,PC,T,Y25-64,ED3_4,PT,2022,5.7,
ESTAT:TPS00066(1.0),13/06/24 23:00:00,A,PC,T,Y25-64,ED3_4,PT,2023,6.0,
ESTAT:TPS00066(1.0),13/06/24 23:00:00,A,PC,T,Y25-64,ED3_4,RO,2012,5.9,
ESTAT:TPS00066(1.0),13/06/24 23:00:00,A,PC,T,Y25-64,ED3_4,RO,2013,6.3,
ESTAT:TPS00066(1.0),13/06/24 23:00:00,A,PC,T,Y25-64,ED3_4,RO,2014,5.8,b
ESTAT:TPS00066(1.0),13/06/24 23:00:00,A,PC,T,Y25-64,ED3_4,RO,2015,6.0,
ESTAT:TPS00066(1.0),13/06/24 23:00:00,A,PC,T,Y25-64,ED3_4,RO,2016,5.1,
ESTAT:TPS00066(1.0),13/06/24 23:00:00,A,PC,T,Y25-64,ED3_4,RO,2017,4.1,
ESTAT:TPS00066(1.0),13/06/24 23:00:00,A,PC,T,Y25-64,ED3_4,RO,2018,3.4,
ESTAT:TPS00066(1.0),13/06/24 23:00:00,A,PC,T,Y25-64,ED3_4,RO,2019,3.0,
ESTAT:TPS00066(1.0),13/06/24 23:00:00,A,PC,T,Y25-64,ED3_4,RO,2020,4.2,
ESTAT:TPS00066(1.0),13/06/24 23:00:00,A,PC,T,Y25-64,ED3_4,RO,2021,4.0,b
ESTAT:TPS00066(1.0),13/06/24 23:00:00,A,PC,T,Y25-64,ED3_4,RO,2022,4.0,
ESTAT:TPS00066(1.0),13/06/24 23:00:00,A,PC,T,Y25-64,ED3_4,RO,2023,4.0,
ESTAT:TPS00066(1.0),13/06/24 23:00:00,A,PC,T,Y25-64,ED3_4,RS,2012,24.1,
ESTAT:TPS00066(1.0),13/06/24 23:00:00,A,PC,T,Y25-64,ED3_4,RS,2013,22.0,
ESTAT:TPS00066(1.0),13/06/24 23:00:00,A,PC,T,Y25-64,ED3_4,RS,2014,18.7,b
ESTAT:TPS00066(1.0),13/06/24 23:00:00,A,PC,T,Y25-64,ED3_4,RS,2015,17.1,
ESTAT:TPS00066(1.0),13/06/24 23:00:00,A,PC,T,Y25-64,ED3_4,RS,2016,15.0,
ESTAT:TPS00066(1.0),13/06/24 23:00:00,A,PC,T,Y25-64,ED3_4,RS,2017,13.1,
ESTAT:TPS00066(1.0),13/06/24 23:00:00,A,PC,T,Y25-64,ED3_4,RS,2018,12.4,
ESTAT:TPS00066(1.0),13/06/24 23:00:00,A,PC,T,Y25-64,ED3_4,RS,2019,10.0,
ESTAT:TPS00066(1.0),13/06/24 23:00:00,A,PC,T,Y25-64,ED3_4,RS,2020,8.3,
ESTAT:TPS00066(1.0),13/06/24 23:00:00,A,PC,T,Y25-64,ED3_4,RS,2021,10.2,b
ESTAT:TPS00066(1.0),13/06/24 23:00:00,A,PC,T,Y25-64,ED3_4,RS,2022,9.0,
ESTAT:TPS00066(1.0),13/06/24 23:00:00,A,PC,T,Y25-64,ED3_4,RS,2023,8.7,b
ESTAT:TPS00066(1.0),13/06/24 23:00:00,A,PC,T,Y25-64,ED3_4,SE,2012,5.1,
ESTAT:TPS00066(1.0),13/06/24 23:00:00,A,PC,T,Y25-64,ED3_4,SE,2013,5.2,
ESTAT:TPS00066(1.0),13/06/24 23:00:00,A,PC,T,Y25-64,ED3_4,SE,2014,5.1,b
ESTAT:TPS00066(1.0),13/06/24 23:00:00,A,PC,T,Y25-64,ED3_4,SE,2015,4.8,
ESTAT:TPS00066(1.0),13/06/24 23:00:00,A,PC,T,Y25-64,ED3_4,SE,2016,4.5,
ESTAT:TPS00066(1.0),13/06/24 23:00:00,A,PC,T,Y25-64,ED3_4,SE,2017,4.0,
ESTAT:TPS00066(1.0),13/06/24 23:00:00,A,PC,T,Y25-64,ED3_4,SE,2018,3.6,b
ESTAT:TPS00066(1.0),13/06/24 23:00:00,A,PC,T,Y25-64,ED3_4,SE,2019,3.9,
ESTAT:TPS00066(1.0),13/06/24 23:00:00,A,PC,T,Y25-64,ED3_4,SE,2020,4.9,
ESTAT:TPS00066(1.0),13/06/24 23:00:00,A,PC,T,Y25-64,ED3_4,SE,2021,5.8,b
ESTAT:TPS00066(1.0),13/06/24 23:00:00,A,PC,T,Y25-64,ED3_4,SE,2022,4.9,
ESTAT:TPS00066(1.0),13/06/24 23:00:00,A,PC,T,Y25-64,ED3_4,SE,2023,5.0,
ESTAT:TPS00066(1.0),13/06/24 23:00:00,A,PC,T,Y25-64,ED3_4,SI,2012,8.1,
ESTAT:TPS00066(1.0),13/06/24 23:00:00,A,PC,T,Y25-64,ED3_4,SI,2013,9.8,
ESTAT:TPS00066(1.0),13/06/24 23:00:00,A,PC,T,Y25-64,ED3_4,SI,2014,9.7,b
ESTAT:TPS00066(1.0),13/06/24 23:00:00,A,PC,T,Y25-64,ED3_4,SI,2015,9.4,
ESTAT:TPS00066(1.0),13/06/24 23:00:00,A,PC,T,Y25-64,ED3_4,SI,2016,7.6,
ESTAT:TPS00066(1.0),13/06/24 23:00:00,A,PC,T,Y25-64,ED3_4,SI,2017,6.4,
ESTAT:TPS00066(1.0),13/06/24 23:00:00,A,PC,T,Y25-64,ED3_4,SI,2018,5.3,
ESTAT:TPS00066(1.0),13/06/24 23:00:00,A,PC,T,Y25-64,ED3_4,SI,2019,4.4,
ESTAT:TPS00066(1.0),13/06/24 23:00:00,A,PC,T,Y25-64,ED3_4,SI,2020,5.0,
ESTAT:TPS00066(1.0),13/06/24 23:00:00,A,PC,T,Y25-64,ED3_4,SI,2021,4.6,b
ESTAT:TPS00066(1.0),13/06/24 23:00:00,A,PC,T,Y25-64,ED3_4,SI,2022,3.8,
ESTAT:TPS00066(1.0),13/06/24 23:00:00,A,PC,T,Y25-64,ED3_4,SI,2023,3.2,b
ESTAT:TPS00066(1.0),13/06/24 23:00:00,A,PC,T,Y25-64,ED3_4,SK,2012,11.7,
ESTAT:TPS00066(1.0),13/06/24 23:00:00,A,PC,T,Y25-64,ED3_4,SK,2013,12.3,
ESTAT:TPS00066(1.0),13/06/24 23:00:00,A,PC,T,Y25-64,ED3_4,SK,2014,11.3,b
ESTAT:TPS00066(1.0),13/06/24 23:00:00,A,PC,T,Y25-64,ED3_4,SK,2015,9.9,
ESTAT:TPS00066(1.0),13/06/24 23:00:00,A,PC,T,Y25-64,ED3_4,SK,2016,8.4,
ESTAT:TPS00066(1.0),13/06/24 23:00:00,A,PC,T,Y25-64,ED3_4,SK,2017,7.0,
ESTAT:TPS00066(1.0),13/06/24 23:00:00,A,PC,T,Y25-64,ED3_4,SK,2018,5.5,
ESTAT:TPS00066(1.0),13/06/24 23:00:00,A,PC,T,Y25-64,ED3_4,SK,2019,4.4,
ESTAT:TPS00066(1.0),13/06/24 23:00:00,A,PC,T,Y25-64,ED3_4,SK,2020,5.6,
ESTAT:TPS00066(1.0),13/06/24 23:00:00,A,PC,T,Y25-64,ED3_4,SK,2021,5.7,b
ESTAT:TPS00066(1.0),13/06/24 23:00:00,A,PC,T,Y25-64,ED3_4,SK,2022,5.0,
ESTAT:TPS00066(1.0),13/06/24 23:00:00,A,PC,T,Y25-64,ED3_4,SK,2023,4.9,
ESTAT:TPS00066(1.0),13/06/24 23:00:00,A,PC,T,Y25-64,ED3_4,TR,2012,7.6,
ESTAT:TPS00066(1.0),13/06/24 23:00:00,A,PC,T,Y25-64,ED3_4,TR,2013,7.9,
ESTAT:TPS00066(1.0),13/06/24 23:00:00,A,PC,T,Y25-64,ED3_4,TR,2014,9.1,b
ESTAT:TPS00066(1.0),13/06/24 23:00:00,A,PC,T,Y25-64,ED3_4,TR,2015,9.1,
ESTAT:TPS00066(1.0),13/06/24 23:00:00,A,PC,T,Y25-64,ED3_4,TR,2016,10.0,
ESTAT:TPS00066(1.0),13/06/24 23:00:00,A,PC,T,Y25-64,ED3_4,TR,2017,9.7,
ESTAT:TPS00066(1.0),13/06/24 23:00:00,A,PC,T,Y25-64,ED3_4,TR,2018,9.4,
ESTAT:TPS00066(1.0),13/06/24 23:00:00,A,PC,T,Y25-64,ED3_4,TR,2019,12.0,
ESTAT:TPS00066(1.0),13/06/24 23:00:00,A,PC,T,Y25-64,ED3_4,TR,2020,11.8,
ESTAT:TPS00066(1.0),13/06/24 23:00:00,A,PC,T,Y25-64,ED3_4,TR,2021,10.5,b
ESTAT:TPS00066(1.0),13/06/24 23:00:00,A,PC,T,Y25-64,ED3_4,TR,2022,9.4,
ESTAT:TPS00066(1.0),13/06/24 23:00:00,A,PC,T,Y25-64,ED3_4,TR,2023,8.8,
ESTAT:TPS00066(1.0),13/06/24 23:00:00,A,PC,T,Y25-64,ED3_4,UK,2012,6.0,
ESTAT:TPS00066(1.0),13/06/24 23:00:00,A,PC,T,Y25-64,ED3_4,UK,2013,5.8,
ESTAT:TPS00066(1.0),13/06/24 23:00:00,A,PC,T,Y25-64,ED3_4,UK,2014,4.9,b
ESTAT:TPS00066(1.0),13/06/24 23:00:00,A,PC,T,Y25-64,ED3_4,UK,2015,4.2,
ESTAT:TPS00066(1.0),13/06/24 23:00:00,A,PC,T,Y25-64,ED3_4,UK,2016,3.8,
ESTAT:TPS00066(1.0),13/06/24 23:00:00,A,PC,T,Y25-64,ED3_4,UK,2017,3.3,
ESTAT:TPS00066(1.0),13/06/24 23:00:00,A,PC,T,Y25-64,ED3_4,UK,2018,3.3,
ESTAT:TPS00066(1.0),13/06/24 23:00:00,A,PC,T,Y25-64,ED3_4,UK,2019,2.8,
ESTAT:TPS00066(1.0),13/06/24 23:00:00,A,PC,T,Y25-64,ED5-8,AT,2012,2.3,
ESTAT:TPS00066(1.0),13/06/24 23:00:00,A,PC,T,Y25-64,ED5-8,AT,2013,3.4,
ESTAT:TPS00066(1.0),13/06/24 23:00:00,A,PC,T,Y25-64,ED5-8,AT,2014,3.7,b
ESTAT:TPS00066(1.0),13/06/24 23:00:00,A,PC,T,Y25-64,ED5-8,AT,2015,3.6,
ESTAT:TPS00066(1.0),13/06/24 23:00:00,A,PC,T,Y25-64,ED5-8,AT,2016,3.4,
ESTAT:TPS00066(1.0),13/06/24 23:00:00,A,PC,T,Y25-64,ED5-8,AT,2017,3.0,
ESTAT:TPS00066(1.0),13/06/24 23:00:00,A,PC,T,Y25-64,ED5-8,AT,2018,3.0,
ESTAT:TPS00066(1.0),13/06/24 23:00:00,A,PC,T,Y25-64,ED5-8,AT,2019,2.8,
ESTAT:TPS00066(1.0),13/06/24 23:00:00,A,PC,T,Y25-64,ED5-8,AT,2020,3.2,
ESTAT:TPS00066(1.0),13/06/24 23:00:00,A,PC,T,Y25-64,ED5-8,AT,2021,3.8,b
ESTAT:TPS00066(1.0),13/06/24 23:00:00,A,PC,T,Y25-64,ED5-8,AT,2022,3.0,
ESTAT:TPS00066(1.0),13/06/24 23:00:00,A,PC,T,Y25-64,ED5-8,AT,2023,3.1,
ESTAT:TPS00066(1.0),13/06/24 23:00:00,A,PC,T,Y25-64,ED5-8,BA,2021,11.3,b
ESTAT:TPS00066(1.0),13/06/24 23:00:00,A,PC,T,Y25-64,ED5-8,BA,2022,10.7,
ESTAT:TPS00066(1.0),13/06/24 23:00:00,A,PC,T,Y25-64,ED5-8,BA,2023,9.0,
ESTAT:TPS00066(1.0),13/06/24 23:00:00,A,PC,T,Y25-64,ED5-8,BE,2012,3.4,
ESTAT:TPS00066(1.0),13/06/24 23:00:00,A,PC,T,Y25-64,ED5-8,BE,2013,4.3,
ESTAT:TPS00066(1.0),13/06/24 23:00:00,A,PC,T,Y25-64,ED5-8,BE,2014,4.2,b
ESTAT:TPS00066(1.0),13/06/24 23:00:00,A,PC,T,Y25-64,ED5-8,BE,2015,4.1,
ESTAT:TPS00066(1.0),13/06/24 23:00:00,A,PC,T,Y25-64,ED5-8,BE,2016,3.7,
ESTAT:TPS00066(1.0),13/06/24 23:00:00,A,PC,T,Y25-64,ED5-8,BE,2017,3.8,b
ESTAT:TPS00066(1.0),13/06/24 23:00:00,A,PC,T,Y25-64,ED5-8,BE,2018,3.2,
ESTAT:TPS00066(1.0),13/06/24 23:00:00,A,PC,T,Y25-64,ED5-8,BE,2019,2.9,
ESTAT:TPS00066(1.0),13/06/24 23:00:00,A,PC,T,Y25-64,ED5-8,BE,2020,3.2,
ESTAT:TPS00066(1.0),13/06/24 23:00:00,A,PC,T,Y25-64,ED5-8,BE,2021,3.2,b
ESTAT:TPS00066(1.0),13/06/24 23:00:00,A,PC,T,Y25-64,ED5-8,BE,2022,2.8,
ESTAT:TPS00066(1.0),13/06/24 23:00:00,A,PC,T,Y25-64,ED5-8,BE,2023,2.7,
ESTAT:TPS00066(1.0),13/06/24 23:00:00,A,PC,T,Y25-64,ED5-8,BG,2012,5.6,
ESTAT:TPS00066(1.0),13/06/24 23:00:00,A,PC,T,Y25-64,ED5-8,BG,2013,6.1,
ESTAT:TPS00066(1.0),13/06/24 23:00:00,A,PC,T,Y25-64,ED5-8,BG,2014,5.0,b
ESTAT:TPS00066(1.0),13/06/24 23:00:00,A,PC,T,Y25-64,ED5-8,BG,2015,3.7,
ESTAT:TPS00066(1.0),13/06/24 23:00:00,A,PC,T,Y25-64,ED5-8,BG,2016,3.3,
ESTAT:TPS00066(1.0),13/06/24 23:00:00,A,PC,T,Y25-64,ED5-8,BG,2017,2.9,
ESTAT:TPS00066(1.0),13/06/24 23:00:00,A,PC,T,Y25-64,ED5-8,BG,2018,2.2,
ESTAT:TPS00066(1.0),13/06/24 23:00:00,A,PC,T,Y25-64,ED5-8,BG,2019,1.9,
ESTAT:TPS00066(1.0),13/06/24 23:00:00,A,PC,T,Y25-64,ED5-8,BG,2020,2.4,
ESTAT:TPS00066(1.0),13/06/24 23:00:00,A,PC,T,Y25-64,ED5-8,BG,2021,1.9,b
ESTAT:TPS00066(1.0),13/06/24 23:00:00,A,PC,T,Y25-64,ED5-8,BG,2022,1.6,b
ESTAT:TPS00066(1.0),13/06/24 23:00:00,A,PC,T,Y25-64,ED5-8,BG,2023,1.8,
ESTAT:TPS00066(1.0),13/06/24 23:00:00,A,PC,T,Y25-64,ED5-8,CH,2012,3.0,
ESTAT:TPS00066(1.0),13/06/24 23:00:00,A,PC,T,Y25-64,ED5-8,CH,2013,3.4,
ESTAT:TPS00066(1.0),13/06/24 23:00:00,A,PC,T,Y25-64,ED5-8,CH,2014,3.4,b
ESTAT:TPS00066(1.0),13/06/24 23:00:00,A,PC,T,Y25-64,ED5-8,CH,2015,3.4,
ESTAT:TPS00066(1.0),13/06/24 23:00:00,A,PC,T,Y25-64,ED5-8,CH,2016,3.3,
ESTAT:TPS00066(1.0),13/06/24 23:00:00,A,PC,T,Y25-64,ED5-8,CH,2017,3.8,
ESTAT:TPS00066(1.0),13/06/24 23:00:00,A,PC,T,Y25-64,ED5-8,CH,2018,3.5,
ESTAT:TPS00066(1.0),13/06/24 23:00:00,A,PC,T,Y25-64,ED5-8,CH,2019,3.3,
ESTAT:TPS00066(1.0),13/06/24 23:00:00,A,PC,T,Y25-64,ED5-8,CH,2020,3.5,
ESTAT:TPS00066(1.0),13/06/24 23:00:00,A,PC,T,Y25-64,ED5-8,CH,2021,3.5,b
ESTAT:TPS00066(1.0),13/06/24 23:00:00,A,PC,T,Y25-64,ED5-8,CH,2022,3.1,
ESTAT:TPS00066(1.0),13/06/24 23:00:00,A,PC,T,Y25-64,ED5-8,CH,2023,3.0,
ESTAT:TPS00066(1.0),13/06/24 23:00:00,A,PC,T,Y25-64,ED5-8,CY,2012,8.7,
ESTAT:TPS00066(1.0),13/06/24 23:00:00,A,PC,T,Y25-64,ED5-8,CY,2013,10.9,
ESTAT:TPS00066(1.0),13/06/24 23:00:00,A,PC,T,Y25-64,ED5-8,CY,2014,10.8,b
ESTAT:TPS00066(1.0),13/06/24 23:00:00,A,PC,T,Y25-64,ED5-8,CY,2015,10.7,
ESTAT:TPS00066(1.0),13/06/24 23:00:00,A,PC,T,Y25-64,ED5-8,CY,2016,9.6,
ESTAT:TPS00066(1.0),13/06/24 23:00:00,A,PC,T,Y25-64,ED5-8,CY,2017,8.8,
ESTAT:TPS00066(1.0),13/06/24 23:00:00,A,PC,T,Y25-64,ED5-8,CY,2018,6.9,
ESTAT:TPS00066(1.0),13/06/24 23:00:00,A,PC,T,Y25-64,ED5-8,CY,2019,5.7,
ESTAT:TPS00066(1.0),13/06/24 23:00:00,A,PC,T,Y25-64,ED5-8,CY,2020,6.5,
ESTAT:TPS00066(1.0),13/06/24 23:00:00,A,PC,T,Y25-64,ED5-8,CY,2021,5.9,b
ESTAT:TPS00066(1.0),13/06/24 23:00:00,A,PC,T,Y25-64,ED5-8,CY,2022,5.2,
ESTAT:TPS00066(1.0),13/06/24 23:00:00,A,PC,T,Y25-64,ED5-8,CY,2023,5.1,
ESTAT:TPS00066(1.0),13/06/24 23:00:00,A,PC,T,Y25-64,ED5-8,CZ,2012,2.6,
ESTAT:TPS00066(1.0),13/06/24 23:00:00,A,PC,T,Y25-64,ED5-8,CZ,2013,2.5,
ESTAT:TPS00066(1.0),13/06/24 23:00:00,A,PC,T,Y25-64,ED5-8,CZ,2014,2.6,b
ESTAT:TPS00066(1.0),13/06/24 23:00:00,A,PC,T,Y25-64,ED5-8,CZ,2015,2.2,
ESTAT:TPS00066(1.0),13/06/24 23:00:00,A,PC,T,Y25-64,ED5-8,CZ,2016,1.8,
ESTAT:TPS00066(1.0),13/06/24 23:00:00,A,PC,T,Y25-64,ED5-8,CZ,2017,1.4,
ESTAT:TPS00066(1.0),13/06/24 23:00:00,A,PC,T,Y25-64,ED5-8,CZ,2018,1.1,
ESTAT:TPS00066(1.0),13/06/24 23:00:00,A,PC,T,Y25-64,ED5-8,CZ,2019,1.0,
ESTAT:TPS00066(1.0),13/06/24 23:00:00,A,PC,T,Y25-64,ED5-8,CZ,2020,1.4,
ESTAT:TPS00066(1.0),13/06/24 23:00:00,A,PC,T,Y25-64,ED5-8,CZ,2021,1.4,b
ESTAT:TPS00066(1.0),13/06/24 23:00:00,A,PC,T,Y25-64,ED5-8,CZ,2022,0.9,
ESTAT:TPS00066(1.0),13/06/24 23:00:00,A,PC,T,Y25-64,ED5-8,CZ,2023,1.3,
ESTAT:TPS00066(1.0),13/06/24 23:00:00,A,PC,T,Y25-64,ED5-8,DE,2012,2.3,b
ESTAT:TPS00066(1.0),13/06/24 23:00:00,A,PC,T,Y25-64,ED5-8,DE,2013,2.4,
ESTAT:TPS00066(1.0),13/06/24 23:00:00,A,PC,T,Y25-64,ED5-8,DE,2014,2.5,b
ESTAT:TPS00066(1.0),13/06/24 23:00:00,A,PC,T,Y25-64,ED5-8,DE,2015,2.3,
ESTAT:TPS00066(1.0),13/06/24 23:00:00,A,PC,T,Y25-64,ED5-8,DE,2016,2.2,
ESTAT:TPS00066(1.0),13/06/24 23:00:00,A,PC,T,Y25-64,ED5-8,DE,2017,2.0,
ESTAT:TPS00066(1.0),13/06/24 23:00:00,A,PC,T,Y25-64,ED5-8,DE,2018,1.9,
ESTAT:TPS00066(1.0),13/06/24 23:00:00,A,PC,T,Y25-64,ED5-8,DE,2019,1.8,
ESTAT:TPS00066(1.0),13/06/24 23:00:00,A,PC,T,Y25-64,ED5-8,DE,2020,2.6,b
ESTAT:TPS00066(1.0),13/06/24 23:00:00,A,PC,T,Y25-64,ED5-8,DE,2021,2.4,b
ESTAT:TPS00066(1.0),13/06/24 23:00:00,A,PC,T,Y25-64,ED5-8,DE,2022,2.0,
ESTAT:TPS00066(1.0),13/06/24 23:00:00,A,PC,T,Y25-64,ED5-8,DE,2023,2.2,
ESTAT:TPS00066(1.0),13/06/24 23:00:00,A,PC,T,Y25-64,ED5-8,DK,2012,4.8,
ESTAT:TPS00066(1.0),13/06/24 23:00:00,A,PC,T,Y25-64,ED5-8,DK,2013,4.7,
ESTAT:TPS00066(1.0),13/06/24 23:00:00,A,PC,T,Y25-64,ED5-8,DK,2014,4.6,b
ESTAT:TPS00066(1.0),13/06/24 23:00:00,A,PC,T,Y25-64,ED5-8,DK,2015,4.6,
ESTAT:TPS00066(1.0),13/06/24 23:00:00,A,PC,T,Y25-64,ED5-8,DK,2016,4.5,b
ESTAT:TPS00066(1.0),13/06/24 23:00:00,A,PC,T,Y25-64,ED5-8,DK,2017,4.4,b
ESTAT:TPS00066(1.0),13/06/24 23:00:00,A,PC,T,Y25-64,ED5-8,DK,2018,4.0,
ESTAT:TPS00066(1.0),13/06/24 23:00:00,A,PC,T,Y25-64,ED5-8,DK,2019,4.1,
ESTAT:TPS00066(1.0),13/06/24 23:00:00,A,PC,T,Y25-64,ED5-8,DK,2020,4.6,
ESTAT:TPS00066(1.0),13/06/24 23:00:00,A,PC,T,Y25-64,ED5-8,DK,2021,3.9,b
ESTAT:TPS00066(1.0),13/06/24 23:00:00,A,PC,T,Y25-64,ED5-8,DK,2022,3.4,
ESTAT:TPS00066(1.0),13/06/24 23:00:00,A,PC,T,Y25-64,ED5-8,DK,2023,3.8,b
ESTAT:TPS00066(1.0),13/06/24 23:00:00,A,PC,T,Y25-64,ED5-8,EA20,2012,6.4,
ESTAT:TPS00066(1.0),13/06/24 23:00:00,A,PC,T,Y25-64,ED5-8,EA20,2013,6.9,
ESTAT:TPS00066(1.0),13/06/24 23:00:00,A,PC,T,Y25-64,ED5-8,EA20,2014,6.9,b
ESTAT:TPS00066(1.0),13/06/24 23:00:00,A,PC,T,Y25-64,ED5-8,EA20,2015,6.4,
ESTAT:TPS00066(1.0),13/06/24 23:00:00,A,PC,T,Y25-64,ED5-8,EA20,2016,5.8,
ESTAT:TPS00066(1.0),13/06/24 23:00:00,A,PC,T,Y25-64,ED5-8,EA20,2017,5.2,
ESTAT:TPS00066(1.0),13/06/24 23:00:00,A,PC,T,Y25-64,ED5-8,EA20,2018,4.8,
ESTAT:TPS00066(1.0),13/06/24 23:00:00,A,PC,T,Y25-64,ED5-8,EA20,2019,4.5,
ESTAT:TPS00066(1.0),13/06/24 23:00:00,A,PC,T,Y25-64,ED5-8,EA20,2020,5.0,
ESTAT:TPS00066(1.0),13/06/24 23:00:00,A,PC,T,Y25-64,ED5-8,EA20,2021,4.7,b
ESTAT:TPS00066(1.0),13/06/24 23:00:00,A,PC,T,Y25-64,ED5-8,EA20,2022,4.0,
ESTAT:TPS00066(1.0),13/06/24 23:00:00,A,PC,T,Y25-64,ED5-8,EA20,2023,3.9,
ESTAT:TPS00066(1.0),13/06/24 23:00:00,A,PC,T,Y25-64,ED5-8,EE,2012,5.9,
ESTAT:TPS00066(1.0),13/06/24 23:00:00,A,PC,T,Y25-64,ED5-8,EE,2013,5.5,
ESTAT:TPS00066(1.0),13/06/24 23:00:00,A,PC,T,Y25-64,ED5-8,EE,2014,4.7,b
ESTAT:TPS00066(1.0),13/06/24 23:00:00,A,PC,T,Y25-64,ED5-8,EE,2015,3.9,
ESTAT:TPS00066(1.0),13/06/24 23:00:00,A,PC,T,Y25-64,ED5-8,EE,2016,3.7,
ESTAT:TPS00066(1.0),13/06/24 23:00:00,A,PC,T,Y25-64,ED5-8,EE,2017,3.3,
ESTAT:TPS00066(1.0),13/06/24 23:00:00,A,PC,T,Y25-64,ED5-8,EE,2018,3.5,
ESTAT:TPS00066(1.0),13/06/24 23:00:00,A,PC,T,Y25-64,ED5-8,EE,2019,2.6,
ESTAT:TPS00066(1.0),13/06/24 23:00:00,A,PC,T,Y25-64,ED5-8,EE,2020,4.7,
ESTAT:TPS00066(1.0),13/06/24 23:00:00,A,PC,T,Y25-64,ED5-8,EE,2021,3.5,b
ESTAT:TPS00066(1.0),13/06/24 23:00:00,A,PC,T,Y25-64,ED5-8,EE,2022,3.7,
ESTAT:TPS00066(1.0),13/06/24 23:00:00,A,PC,T,Y25-64,ED5-8,EE,2023,3.6,
ESTAT:TPS00066(1.0),13/06/24 23:00:00,A,PC,T,Y25-64,ED5-8,EL,2012,17.1,
ESTAT:TPS00066(1.0),13/06/24 23:00:00,A,PC,T,Y25-64,ED5-8,EL,2013,19.4,
ESTAT:TPS00066(1.0),13/06/24 23:00:00,A,PC,T,Y25-64,ED5-8,EL,2014,19.1,b
ESTAT:TPS00066(1.0),13/06/24 23:00:00,A,PC,T,Y25-64,ED5-8,EL,2015,19.0,
ESTAT:TPS00066(1.0),13/06/24 23:00:00,A,PC,T,Y25-64,ED5-8,EL,2016,17.2,
ESTAT:TPS00066(1.0),13/06/24 23:00:00,A,PC,T,Y25-64,ED5-8,EL,2017,15.7,
ESTAT:TPS00066(1.0),13/06/24 23:00:00,A,PC,T,Y25-64,ED5-8,EL,2018,13.7,
ESTAT:TPS00066(1.0),13/06/24 23:00:00,A,PC,T,Y25-64,ED5-8,EL,2019,11.6,
ESTAT:TPS00066(1.0),13/06/24 23:00:00,A,PC,T,Y25-64,ED5-8,EL,2020,11.5,
ESTAT:TPS00066(1.0),13/06/24 23:00:00,A,PC,T,Y25-64,ED5-8,EL,2021,10.6,b
ESTAT:TPS00066(1.0),13/06/24 23:00:00,A,PC,T,Y25-64,ED5-8,EL,2022,8.5,
ESTAT:TPS00066(1.0),13/06/24 23:00:00,A,PC,T,Y25-64,ED5-8,EL,2023,7.7,
ESTAT:TPS00066(1.0),13/06/24 23:00:00,A,PC,T,Y25-64,ED5-8,ES,2012,13.9,
ESTAT:TPS00066(1.0),13/06/24 23:00:00,A,PC,T,Y25-64,ED5-8,ES,2013,14.9,
ESTAT:TPS00066(1.0),13/06/24 23:00:00,A,PC,T,Y25-64,ED5-8,ES,2014,13.8,b
ESTAT:TPS00066(1.0),13/06/24 23:00:00,A,PC,T,Y25-64,ED5-8,ES,2015,12.4,
ESTAT:TPS00066(1.0),13/06/24 23:00:00,A,PC,T,Y25-64,ED5-8,ES,2016,10.9,
ESTAT:TPS00066(1.0),13/06/24 23:00:00,A,PC,T,Y25-64,ED5-8,ES,2017,9.3,
ESTAT:TPS00066(1.0),13/06/24 23:00:00,A,PC,T,Y25-64,ED5-8,ES,2018,8.4,
ESTAT:TPS00066(1.0),13/06/24 23:00:00,A,PC,T,Y25-64,ED5-8,ES,2019,8.1,
ESTAT:TPS00066(1.0),13/06/24 23:00:00,A,PC,T,Y25-64,ED5-8,ES,2020,9.5,
ESTAT:TPS00066(1.0),13/06/24 23:00:00,A,PC,T,Y25-64,ED5-8,ES,2021,8.7,bd
ESTAT:TPS00066(1.0),13/06/24 23:00:00,A,PC,T,Y25-64,ED5-8,ES,2022,7.2,d
ESTAT:TPS00066(1.0),13/06/24 23:00:00,A,PC,T,Y25-64,ED5-8,ES,2023,6.8,d
ESTAT:TPS00066(1.0),13/06/24 23:00:00,A,PC,T,Y25-64,ED5-8,EU27_2020,2012,6.0,
ESTAT:TPS00066(1.0),13/06/24 23:00:00,A,PC,T,Y25-64,ED5-8,EU27_2020,2013,6.4,
ESTAT:TPS00066(1.0),13/06/24 23:00:00,A,PC,T,Y25-64,ED5-8,EU27_2020,2014,6.3,b
ESTAT:TPS00066(1.0),13/06/24 23:00:00,A,PC,T,Y25-64,ED5-8,EU27_2020,2015,5.8,
ESTAT:TPS00066(1.0),13/06/24 23:00:00,A,PC,T,Y25-64,ED5-8,EU27_2020,2016,5.2,
ESTAT:TPS00066(1.0),13/06/24 23:00:00,A,PC,T,Y25-64,ED5-8,EU27_2020,2017,4.6,
ESTAT:TPS00066(1.0),13/06/24 23:00:00,A,PC,T,Y25-64,ED5-8,EU27_2020,2018,4.2,
ESTAT:TPS00066(1.0),13/06/24 23:00:00,A,PC,T,Y25-64,ED5-8,EU27_2020,2019,4.0,
ESTAT:TPS00066(1.0),13/06/24 23:00:00,A,PC,T,Y25-64,ED5-8,EU27_2020,2020,4.4,
ESTAT:TPS00066(1.0),13/06/24 23:00:00,A,PC,T,Y25-64,ED5-8,EU27_2020,2021,4.2,b
ESTAT:TPS00066(1.0),13/06/24 23:00:00,A,PC,T,Y25-64,ED5-8,EU27_2020,2022,3.5,
ESTAT:TPS00066(1.0),13/06/24 23:00:00,A,PC,T,Y25-64,ED5-8,EU27_2020,2023,3.5,
ESTAT:TPS00066(1.0),13/06/24 23:00:00,A,PC,T,Y25-64,ED5-8,FI,2012,3.9,
ESTAT:TPS00066(1.0),13/06/24 23:00:00,A,PC,T,Y25-64,ED5-8,FI,2013,4.5,
ESTAT:TPS00066(1.0),13/06/24 23:00:00,A,PC,T,Y25-64,ED5-8,FI,2014,5.1,b
ESTAT:TPS00066(1.0),13/06/24 23:00:00,A,PC,T,Y25-64,ED5-8,FI,2015,6.0,
ESTAT:TPS00066(1.0),13/06/24 23:00:00,A,PC,T,Y25-64,ED5-8,FI,2016,5.8,
ESTAT:TPS00066(1.0),13/06/24 23:00:00,A,PC,T,Y25-64,ED5-8,FI,2017,5.3,
ESTAT:TPS00066(1.0),13/06/24 23:00:00,A,PC,T,Y25-64,ED5-8,FI,2018,4.2,
ESTAT:TPS00066(1.0),13/06/24 23:00:00,A,PC,T,Y25-64,ED5-8,FI,2019,3.9,
ESTAT:TPS00066(1.0),13/06/24 23:00:00,A,PC,T,Y25-64,ED5-8,FI,2020,4.3,
ESTAT:TPS00066(1.0),13/06/24 23:00:00,A,PC,T,Y25-64,ED5-8,FI,2021,4.6,b
ESTAT:TPS00066(1.0),13/06/24 23:00:00,A,PC,T,Y25-64,ED5-8,FI,2022,4.0,
ESTAT:TPS00066(1.0),13/06/24 23:00:00,A,PC,T,Y25-64,ED5-8,FI,2023,3.9,
ESTAT:TPS00066(1.0),13/06/24 23:00:00,A,PC,T,Y25-64,ED5-8,FR,2012,4.8,
ESTAT:TPS00066(1.0),13/06/24 23:00:00,A,PC,T,Y25-64,ED5-8,FR,2013,5.3,b
ESTAT:TPS00066(1.0),13/06/24 23:00:00,A,PC,T,Y25-64,ED5-8,FR,2014,5.8,b
ESTAT:TPS00066(1.0),13/06/24 23:00:00,A,PC,T,Y25-64,ED5-8,FR,2015,5.7,
ESTAT:TPS00066(1.0),13/06/24 23:00:00,A,PC,T,Y25-64,ED5-8,FR,2016,5.1,
ESTAT:TPS00066(1.0),13/06/24 23:00:00,A,PC,T,Y25-64,ED5-8,FR,2017,4.8,
ESTAT:TPS00066(1.0),13/06/24 23:00:00,A,PC,T,Y25-64,ED5-8,FR,2018,5.0,
ESTAT:TPS00066(1.0),13/06/24 23:00:00,A,PC,T,Y25-64,ED5-8,FR,2019,4.7,
ESTAT:TPS00066(1.0),13/06/24 23:00:00,A,PC,T,Y25-64,ED5-8,FR,2020,4.7,
ESTAT:TPS00066(1.0),13/06/24 23:00:00,A,PC,T,Y25-64,ED5-8,FR,2021,4.7,bd
ESTAT:TPS00066(1.0),13/06/24 23:00:00,A,PC,T,Y25-64,ED5-8,FR,2022,4.3,d
ESTAT:TPS00066(1.0),13/06/24 23:00:00,A,PC,T,Y25-64,ED5-8,FR,2023,4.5,d
ESTAT:TPS00066(1.0),13/06/24 23:00:00,A,PC,T,Y25-64,ED5-8,HR,2012,9.9,
ESTAT:TPS00066(1.0),13/06/24 23:00:00,A,PC,T,Y25-64,ED5-8,HR,2013,10.1,
ESTAT:TPS00066(1.0),13/06/24 23:00:00,A,PC,T,Y25-64,ED5-8,HR,2014,9.0,b
ESTAT:TPS00066(1.0),13/06/24 23:00:00,A,PC,T,Y25-64,ED5-8,HR,2015,8.9,
ESTAT:TPS00066(1.0),13/06/24 23:00:00,A,PC,T,Y25-64,ED5-8,HR,2016,7.4,
ESTAT:TPS00066(1.0),13/06/24 23:00:00,A,PC,T,Y25-64,ED5-8,HR,2017,6.5,
ESTAT:TPS00066(1.0),13/06/24 23:00:00,A,PC,T,Y25-64,ED5-8,HR,2018,5.7,
ESTAT:TPS00066(1.0),13/06/24 23:00:00,A,PC,T,Y25-64,ED5-8,HR,2019,5.0,
ESTAT:TPS00066(1.0),13/06/24 23:00:00,A,PC,T,Y25-64,ED5-8,HR,2020,4.9,
ESTAT:TPS00066(1.0),13/06/24 23:00:00,A,PC,T,Y25-64,ED5-8,HR,2021,4.4,b
ESTAT:TPS00066(1.0),13/06/24 23:00:00,A,PC,T,Y25-64,ED5-8,HR,2022,4.9,
ESTAT:TPS00066(1.0),13/06/24 23:00:00,A,PC,T,Y25-64,ED5-8,HR,2023,3.4,b
ESTAT:TPS00066(1.0),13/06/24 23:00:00,A,PC,T,Y25-64,ED5-8,HU,2012,4.0,
ESTAT:TPS00066(1.0),13/06/24 23:00:00,A,PC,T,Y25-64,ED5-8,HU,2013,3.5,
ESTAT:TPS00066(1.0),13/06/24 23:00:00,A,PC,T,Y25-64,ED5-8,HU,2014,2.7,b
ESTAT:TPS00066(1.0),13/06/24 23:00:00,A,PC,T,Y25-64,ED5-8,HU,2015,2.2,
ESTAT:TPS00066(1.0),13/06/24 23:00:00,A,PC,T,Y25-64,ED5-8,HU,2016,1.7,
ESTAT:TPS00066(1.0),13/06/24 23:00:00,A,PC,T,Y25-64,ED5-8,HU,2017,1.5,
ESTAT:TPS00066(1.0),13/06/24 23:00:00,A,PC,T,Y25-64,ED5-8,HU,2018,1.3,
ESTAT:TPS00066(1.0),13/06/24 23:00:00,A,PC,T,Y25-64,ED5-8,HU,2019,1.4,
ESTAT:TPS00066(1.0),13/06/24 23:00:00,A,PC,T,Y25-64,ED5-8,HU,2020,1.7,
ESTAT:TPS00066(1.0),13/06/24 23:00:00,A,PC,T,Y25-64,ED5-8,HU,2021,1.5,b
ESTAT:TPS00066(1.0),13/06/24 23:00:00,A,PC,T,Y25-64,ED5-8,HU,2022,1.3,
ESTAT:TPS00066(1.0),13/06/24 23:00:00,A,PC,T,Y25-64,ED5-8,HU,2023,1.5,
ESTAT:TPS00066(1.0),13/06/24 23:00:00,A,PC,T,Y25-64,ED5-8,IE,2012,7.3,
ESTAT:TPS00066(1.0),13/06/24 23:00:00,A,PC,T,Y25-64,ED5-8,IE,2013,6.8,
ESTAT:TPS00066(1.0),13/06/24 23:00:00,A,PC,T,Y25-64,ED5-8,IE,2014,6.4,b
ESTAT:TPS00066(1.0),13/06/24 23:00:00,A,PC,T,Y25-64,ED5-8,IE,2015,5.2,
ESTAT:TPS00066(1.0),13/06/24 23:00:00,A,PC,T,Y25-64,ED5-8,IE,2016,4.7,
ESTAT:TPS00066(1.0),13/06/24 23:00:00,A,PC,T,Y25-64,ED5-8,IE,2017,3.7,b
ESTAT:TPS00066(1.0),13/06/24 23:00:00,A,PC,T,Y25-64,ED5-8,IE,2018,3.6,
ESTAT:TPS00066(1.0),13/06/24 23:00:00,A,PC,T,Y25-64,ED5-8,IE,2019,2.9,
ESTAT:TPS00066(1.0),13/06/24 23:00:00,A,PC,T,Y25-64,ED5-8,IE,2020,3.7,
ESTAT:TPS00066(1.0),13/06/24 23:00:00,A,PC,T,Y25-64,ED5-8,IE,2021,3.8,b
ESTAT:TPS00066(1.0),13/06/24 23:00:00,A,PC,T,Y25-64,ED5-8,IE,2022,2.8,
ESTAT:TPS00066(1.0),13/06/24 23:00:00,A,PC,T,Y25-64,ED5-8,IE,2023,2.6,
ESTAT:TPS00066(1.0),13/06/24 23:00:00,A,PC,T,Y25-64,ED5-8,IS,2012,2.9,
ESTAT:TPS00066(1.0),13/06/24 23:00:00,A,PC,T,Y25-64,ED5-8,IS,2013,3.7,
ESTAT:TPS00066(1.0),13/06/24 23:00:00,A,PC,T,Y25-64,ED5-8,IS,2014,3.6,b
ESTAT:TPS00066(1.0),13/06/24 23:00:00,A,PC,T,Y25-64,ED5-8,IS,2015,2.8,
ESTAT:TPS00066(1.0),13/06/24 23:00:00,A,PC,T,Y25-64,ED5-8,IS,2016,1.7,
ESTAT:TPS00066(1.0),13/06/24 23:00:00,A,PC,T,Y25-64,ED5-8,IS,2017,1.6,
ESTAT:TPS00066(1.0),13/06/24 23:00:00,A,PC,T,Y25-64,ED5-8,IS,2018,1.9,
ESTAT:TPS00066(1.0),13/06/24 23:00:00,A,PC,T,Y25-64,ED5-8,IS,2019,2.2,
ESTAT:TPS00066(1.0),13/06/24 23:00:00,A,PC,T,Y25-64,ED5-8,IS,2020,3.8,b
ESTAT:TPS00066(1.0),13/06/24 23:00:00,A,PC,T,Y25-64,ED5-8,IS,2021,4.0,b
ESTAT:TPS00066(1.0),13/06/24 23:00:00,A,PC,T,Y25-64,ED5-8,IS,2022,2.4,
ESTAT:TPS00066(1.0),13/06/24 23:00:00,A,PC,T,Y25-64,ED5-8,IS,2023,2.4,
ESTAT:TPS00066(1.0),13/06/24 23:00:00,A,PC,T,Y25-64,ED5-8,IT,2012,6.3,
ESTAT:TPS00066(1.0),13/06/24 23:00:00,A,PC,T,Y25-64,ED5-8,IT,2013,6.9,
ESTAT:TPS00066(1.0),13/06/24 23:00:00,A,PC,T,Y25-64,ED5-8,IT,2014,7.6,b
ESTAT:TPS00066(1.0),13/06/24 23:00:00,A,PC,T,Y25-64,ED5-8,IT,2015,6.8,
ESTAT:TPS00066(1.0),13/06/24 23:00:00,A,PC,T,Y25-64,ED5-8,IT,2016,6.5,
ESTAT:TPS00066(1.0),13/06/24 23:00:00,A,PC,T,Y25-64,ED5-8,IT,2017,6.2,
ESTAT:TPS00066(1.0),13/06/24 23:00:00,A,PC,T,Y25-64,ED5-8,IT,2018,5.7,b
ESTAT:TPS00066(1.0),13/06/24 23:00:00,A,PC,T,Y25-64,ED5-8,IT,2019,5.6,
ESTAT:TPS00066(1.0),13/06/24 23:00:00,A,PC,T,Y25-64,ED5-8,IT,2020,5.1,
ESTAT:TPS00066(1.0),13/06/24 23:00:00,A,PC,T,Y25-64,ED5-8,IT,2021,4.8,b
ESTAT:TPS00066(1.0),13/06/24 23:00:00,A,PC,T,Y25-64,ED5-8,IT,2022,3.9,
ESTAT:TPS00066(1.0),13/06/24 23:00:00,A,PC,T,Y25-64,ED5-8,IT,2023,3.6,
ESTAT:TPS00066(1.0),13/06/24 23:00:00,A,PC,T,Y25-64,ED5-8,LT,2012,4.8,
ESTAT:TPS00066(1.0),13/06/24 23:00:00,A,PC,T,Y25-64,ED5-8,LT,2013,4.4,
ESTAT:TPS00066(1.0),13/06/24 23:00:00,A,PC,T,Y25-64,ED5-8,LT,2014,3.7,b
ESTAT:TPS00066(1.0),13/06/24 23:00:00,A,PC,T,Y25-64,ED5-8,LT,2015,3.2,
ESTAT:TPS00066(1.0),13/06/24 23:00:00,A,PC,T,Y25-64,ED5-8,LT,2016,2.7,
ESTAT:TPS00066(1.0),13/06/24 23:00:00,A,PC,T,Y25-64,ED5-8,LT,2017,2.7,
ESTAT:TPS00066(1.0),13/06/24 23:00:00,A,PC,T,Y25-64,ED5-8,LT,2018,2.6,
ESTAT:TPS00066(1.0),13/06/24 23:00:00,A,PC,T,Y25-64,ED5-8,LT,2019,2.8,
ESTAT:TPS00066(1.0),13/06/24 23:00:00,A,PC,T,Y25-64,ED5-8,LT,2020,4.1,
ESTAT:TPS00066(1.0),13/06/24 23:00:00,A,PC,T,Y25-64,ED5-8,LT,2021,4.0,b
ESTAT:TPS00066(1.0),13/06/24 23:00:00,A,PC,T,Y25-64,ED5-8,LT,2022,3.4,
ESTAT:TPS00066(1.0),13/06/24 23:00:00,A,PC,T,Y25-64,ED5-8,LT,2023,3.8,
ESTAT:TPS00066(1.0),13/06/24 23:00:00,A,PC,T,Y25-64,ED5-8,LU,2012,3.4,
ESTAT:TPS00066(1.0),13/06/24 23:00:00,A,PC,T,Y25-64,ED5-8,LU,2013,3.7,
ESTAT:TPS00066(1.0),13/06/24 23:00:00,A,PC,T,Y25-64,ED5-8,LU,2014,3.6,b
ESTAT:TPS00066(1.0),13/06/24 23:00:00,A,PC,T,Y25-64,ED5-8,LU,2015,4.6,b
ESTAT:TPS00066(1.0),13/06/24 23:00:00,A,PC,T,Y25-64,ED5-8,LU,2016,3.8,
ESTAT:TPS00066(1.0),13/06/24 23:00:00,A,PC,T,Y25-64,ED5-8,LU,2017,3.7,
ESTAT:TPS00066(1.0),13/06/24 23:00:00,A,PC,T,Y25-64,ED5-8,LU,2018,4.1,
ESTAT:TPS00066(1.0),13/06/24 23:00:00,A,PC,T,Y25-64,ED5-8,LU,2019,3.4,
ESTAT:TPS00066(1.0),13/06/24 23:00:00,A,PC,T,Y25-64,ED5-8,LU,2020,4.5,
ESTAT:TPS00066(1.0),13/06/24 23:00:00,A,PC,T,Y25-64,ED5-8,LU,2021,3.7,b
ESTAT:TPS00066(1.0),13/06/24 23:00:00,A,PC,T,Y25-64,ED5-8,LU,2022,3.4,
ESTAT:TPS00066(1.0),13/06/24 23:00:00,A,PC,T,Y25-64,ED5-8,LU,2023,3.6,
ESTAT:TPS00066(1.0),13/06/24 23:00:00,A,PC,T,Y25-64,ED5-8,LV,2012,6.2,
ESTAT:TPS00066(1.0),13/06/24 23:00:00,A,PC,T,Y25-64,ED5-8,LV,2013,5.5,
ESTAT:TPS00066(1.0),13/06/24 23:00:00,A,PC,T,Y25-64,ED5-8,LV,2014,5.1,b
ESTAT:TPS00066(1.0),13/06/24 23:00:00,A,PC,T,Y25-64,ED5-8,LV,2015,4.5,
ESTAT:TPS00066(1.0),13/06/24 23:00:00,A,PC,T,Y25-64,ED5-8,LV,2016,4.0,
ESTAT:TPS00066(1.0),13/06/24 23:00:00,A,PC,T,Y25-64,ED5-8,LV,2017,3.6,
ESTAT:TPS00066(1.0),13/06/24 23:00:00,A,PC,T,Y25-64,ED5-8,LV,2018,3.7,
ESTAT:TPS00066(1.0),13/06/24 23:00:00,A,PC,T,Y25-64,ED5-8,LV,2019,3.6,
ESTAT:TPS00066(1.0),13/06/24 23:00:00,A,PC,T,Y25-64,ED5-8,LV,2020,5.2,
ESTAT:TPS00066(1.0),13/06/24 23:00:00,A,PC,T,Y25-64,ED5-8,LV,2021,4.8,b
ESTAT:TPS00066(1.0),13/06/24 23:00:00,A,PC,T,Y25-64,ED5-8,LV,2022,4.2,
ESTAT:TPS00066(1.0),13/06/24 23:00:00,A,PC,T,Y25-64,ED5-8,LV,2023,3.3,
ESTAT:TPS00066(1.0),13/06/24 23:00:00,A,PC,T,Y25-64,ED5-8,ME,2012,10.0,
ESTAT:TPS00066(1.0),13/06/24 23:00:00,A,PC,T,Y25-64,ED5-8,ME,2013,8.7,
ESTAT:TPS00066(1.0),13/06/24 23:00:00,A,PC,T,Y25-64,ED5-8,ME,2014,9.0,b
ESTAT:TPS00066(1.0),13/06/24 23:00:00,A,PC,T,Y25-64,ED5-8,ME,2015,9.4,
ESTAT:TPS00066(1.0),13/06/24 23:00:00,A,PC,T,Y25-64,ED5-8,ME,2016,11.5,
ESTAT:TPS00066(1.0),13/06/24 23:00:00,A,PC,T,Y25-64,ED5-8,ME,2017,10.7,
ESTAT:TPS00066(1.0),13/06/24 23:00:00,A,PC,T,Y25-64,ED5-8,ME,2018,10.0,
ESTAT:TPS00066(1.0),13/06/24 23:00:00,A,PC,T,Y25-64,ED5-8,ME,2019,11.0,
ESTAT:TPS00066(1.0),13/06/24 23:00:00,A,PC,T,Y25-64,ED5-8,ME,2020,12.0,
ESTAT:TPS00066(1.0),13/06/24 23:00:00,A,PC,T,Y25-64,ED5-8,MK,2012,18.8,
ESTAT:TPS00066(1.0),13/06/24 23:00:00,A,PC,T,Y25-64,ED5-8,MK,2013,20.1,
ESTAT:TPS00066(1.0),13/06/24 23:00:00,A,PC,T,Y25-64,ED5-8,MK,2014,19.6,b
ESTAT:TPS00066(1.0),13/06/24 23:00:00,A,PC,T,Y25-64,ED5-8,MK,2015,18.9,
ESTAT:TPS00066(1.0),13/06/24 23:00:00,A,PC,T,Y25-64,ED5-8,MK,2016,17.6,
ESTAT:TPS00066(1.0),13/06/24 23:00:00,A,PC,T,Y25-64,ED5-8,MK,2017,17.1,
ESTAT:TPS00066(1.0),13/06/24 23:00:00,A,PC,T,Y25-64,ED5-8,MK,2018,16.6,
ESTAT:TPS00066(1.0),13/06/24 23:00:00,A,PC,T,Y25-64,ED5-8,MK,2019,13.3,
ESTAT:TPS00066(1.0),13/06/24 23:00:00,A,PC,T,Y25-64,ED5-8,MK,2020,12.9,
ESTAT:TPS00066(1.0),13/06/24 23:00:00,A,PC,T,Y25-64,ED5-8,MT,2012,1.4,u
ESTAT:TPS00066(1.0),13/06/24 23:00:00,A,PC,T,Y25-64,ED5-8,MT,2013,1.7,u
ESTAT:TPS00066(1.0),13/06/24 23:00:00,A,PC,T,Y25-64,ED5-8,MT,2014,2.4,b
ESTAT:TPS00066(1.0),13/06/24 23:00:00,A,PC,T,Y25-64,ED5-8,MT,2015,1.6,u
ESTAT:TPS00066(1.0),13/06/24 23:00:00,A,PC,T,Y25-64,ED5-8,MT,2016,1.4,u
ESTAT:TPS00066(1.0),13/06/24 23:00:00,A,PC,T,Y25-64,ED5-8,MT,2017,1.8,
ESTAT:TPS00066(1.0),13/06/24 23:00:00,A,PC,T,Y25-64,ED5-8,MT,2018,2.2,
ESTAT:TPS00066(1.0),13/06/24 23:00:00,A,PC,T,Y25-64,ED5-8,MT,2019,3.2,
ESTAT:TPS00066(1.0),13/06/24 23:00:00,A,PC,T,Y25-64,ED5-8,MT,2020,3.1,
ESTAT:TPS00066(1.0),13/06/24 23:00:00,A,PC,T,Y25-64,ED5-8,MT,2021,1.6,b
ESTAT:TPS00066(1.0),13/06/24 23:00:00,A,PC,T,Y25-64,ED5-8,MT,2022,2.9,
ESTAT:TPS00066(1.0),13/06/24 23:00:00,A,PC,T,Y25-64,ED5-8,MT,2023,2.1,u
ESTAT:TPS00066(1.0),13/06/24 23:00:00,A,PC,T,Y25-64,ED5-8,NL,2012,3.2,
ESTAT:TPS00066(1.0),13/06/24 23:00:00,A,PC,T,Y25-64,ED5-8,NL,2013,3.9,b
ESTAT:TPS00066(1.0),13/06/24 23:00:00,A,PC,T,Y25-64,ED5-8,NL,2014,3.9,b
ESTAT:TPS00066(1.0),13/06/24 23:00:00,A,PC,T,Y25-64,ED5-8,NL,2015,3.7,
ESTAT:TPS00066(1.0),13/06/24 23:00:00,A,PC,T,Y25-64,ED5-8,NL,2016,3.4,
ESTAT:TPS00066(1.0),13/06/24 23:00:00,A,PC,T,Y25-64,ED5-8,NL,2017,2.8,
ESTAT:TPS00066(1.0),13/06/24 23:00:00,A,PC,T,Y25-64,ED5-8,NL,2018,2.3,
ESTAT:TPS00066(1.0),13/06/24 23:00:00,A,PC,T,Y25-64,ED5-8,NL,2019,2.1,b
ESTAT:TPS00066(1.0),13/06/24 23:00:00,A,PC,T,Y25-64,ED5-8,NL,2020,2.4,
ESTAT:TPS00066(1.0),13/06/24 23:00:00,A,PC,T,Y25-64,ED5-8,NL,2021,2.6,b
ESTAT:TPS00066(1.0),13/06/24 23:00:00,A,PC,T,Y25-64,ED5-8,NL,2022,2.4,
ESTAT:TPS00066(1.0),13/06/24 23:00:00,A,PC,T,Y25-64,ED5-8,NL,2023,2.4,
ESTAT:TPS00066(1.0),13/06/24 23:00:00,A,PC,T,Y25-64,ED5-8,NO,2012,1.6,
ESTAT:TPS00066(1.0),13/06/24 23:00:00,A,PC,T,Y25-64,ED5-8,NO,2013,1.8,
ESTAT:TPS00066(1.0),13/06/24 23:00:00,A,PC,T,Y25-64,ED5-8,NO,2014,2.1,b
ESTAT:TPS00066(1.0),13/06/24 23:00:00,A,PC,T,Y25-64,ED5-8,NO,2015,2.5,
ESTAT:TPS00066(1.0),13/06/24 23:00:00,A,PC,T,Y25-64,ED5-8,NO,2016,3.0,
ESTAT:TPS00066(1.0),13/06/24 23:00:00,A,PC,T,Y25-64,ED5-8,NO,2017,2.3,
ESTAT:TPS00066(1.0),13/06/24 23:00:00,A,PC,T,Y25-64,ED5-8,NO,2018,2.2,
ESTAT:TPS00066(1.0),13/06/24 23:00:00,A,PC,T,Y25-64,ED5-8,NO,2019,2.0,
ESTAT:TPS00066(1.0),13/06/24 23:00:00,A,PC,T,Y25-64,ED5-8,NO,2020,2.5,
ESTAT:TPS00066(1.0),13/06/24 23:00:00,A,PC,T,Y25-64,ED5-8,NO,2021,2.5,b
ESTAT:TPS00066(1.0),13/06/24 23:00:00,A,PC,T,Y25-64,ED5-8,NO,2022,1.8,
ESTAT:TPS00066(1.0),13/06/24 23:00:00,A,PC,T,Y25-64,ED5-8,NO,2023,2.1,
ESTAT:TPS00066(1.0),13/06/24 23:00:00,A,PC,T,Y25-64,ED5-8,PL,2012,4.9,
ESTAT:TPS00066(1.0),13/06/24 23:00:00,A,PC,T,Y25-64,ED5-8,PL,2013,5.0,
ESTAT:TPS00066(1.0),13/06/24 23:00:00,A,PC,T,Y25-64,ED5-8,PL,2014,4.1,b
ESTAT:TPS00066(1.0),13/06/24 23:00:00,A,PC,T,Y25-64,ED5-8,PL,2015,3.5,
ESTAT:TPS00066(1.0),13/06/24 23:00:00,A,PC,T,Y25-64,ED5-8,PL,2016,3.0,
ESTAT:TPS00066(1.0),13/06/24 23:00:00,A,PC,T,Y25-64,ED5-8,PL,2017,2.2,
ESTAT:TPS00066(1.0),13/06/24 23:00:00,A,PC,T,Y25-64,ED5-8,PL,2018,1.8,
ESTAT:TPS00066(1.0),13/06/24 23:00:00,A,PC,T,Y25-64,ED5-8,PL,2019,1.8,b
ESTAT:TPS00066(1.0),13/06/24 23:00:00,A,PC,T,Y25-64,ED5-8,PL,2020,1.8,
ESTAT:TPS00066(1.0),13/06/24 23:00:00,A,PC,T,Y25-64,ED5-8,PL,2021,1.7,b
ESTAT:TPS00066(1.0),13/06/24 23:00:00,A,PC,T,Y25-64,ED5-8,PL,2022,1.2,
ESTAT:TPS00066(1.0),13/06/24 23:00:00,A,PC,T,Y25-64,ED5-8,PL,2023,1.2,
ESTAT:TPS00066(1.0),13/06/24 23:00:00,A,PC,T,Y25-64,ED5-8,PT,2012,10.2,
ESTAT:TPS00066(1.0),13/06/24 23:00:00,A,PC,T,Y25-64,ED5-8,PT,2013,11.4,
ESTAT:TPS00066(1.0),13/06/24 23:00:00,A,PC,T,Y25-64,ED5-8,PT,2014,8.9,b
ESTAT:TPS00066(1.0),13/06/24 23:00:00,A,PC,T,Y25-64,ED5-8,PT,2015,8.2,
ESTAT:TPS00066(1.0),13/06/24 23:00:00,A,PC,T,Y25-64,ED5-8,PT,2016,7.4,
ESTAT:TPS00066(1.0),13/06/24 23:00:00,A,PC,T,Y25-64,ED5-8,PT,2017,5.7,
ESTAT:TPS00066(1.0),13/06/24 23:00:00,A,PC,T,Y25-64,ED5-8,PT,2018,4.7,
ESTAT:TPS00066(1.0),13/06/24 23:00:00,A,PC,T,Y25-64,ED5-8,PT,2019,4.8,
ESTAT:TPS00066(1.0),13/06/24 23:00:00,A,PC,T,Y25-64,ED5-8,PT,2020,5.1,
ESTAT:TPS00066(1.0),13/06/24 23:00:00,A,PC,T,Y25-64,ED5-8,PT,2021,4.3,b
ESTAT:TPS00066(1.0),13/06/24 23:00:00,A,PC,T,Y25-64,ED5-8,PT,2022,3.9,
ESTAT:TPS00066(1.0),13/06/24 23:00:00,A,PC,T,Y25-64,ED5-8,PT,2023,3.8,
ESTAT:TPS00066(1.0),13/06/24 23:00:00,A,PC,T,Y25-64,ED5-8,RO,2012,4.1,
ESTAT:TPS00066(1.0),13/06/24 23:00:00,A,PC,T,Y25-64,ED5-8,RO,2013,4.3,
ESTAT:TPS00066(1.0),13/06/24 23:00:00,A,PC,T,Y25-64,ED5-8,RO,2014,4.7,b
ESTAT:TPS00066(1.0),13/06/24 23:00:00,A,PC,T,Y25-64,ED5-8,RO,2015,3.5,
ESTAT:TPS00066(1.0),13/06/24 23:00:00,A,PC,T,Y25-64,ED5-8,RO,2016,2.7,
ESTAT:TPS00066(1.0),13/06/24 23:00:00,A,PC,T,Y25-64,ED5-8,RO,2017,2.1,
ESTAT:TPS00066(1.0),13/06/24 23:00:00,A,PC,T,Y25-64,ED5-8,RO,2018,1.8,
ESTAT:TPS00066(1.0),13/06/24 23:00:00,A,PC,T,Y25-64,ED5-8,RO,2019,1.2,
ESTAT:TPS00066(1.0),13/06/24 23:00:00,A,PC,T,Y25-64,ED5-8,RO,2020,2.0,
ESTAT:TPS00066(1.0),13/06/24 23:00:00,A,PC,T,Y25-64,ED5-8,RO,2021,1.6,b
ESTAT:TPS00066(1.0),13/06/24 23:00:00,A,PC,T,Y25-64,ED5-8,RO,2022,1.3,
ESTAT:TPS00066(1.0),13/06/24 23:00:00,A,PC,T,Y25-64,ED5-8,RO,2023,1.2,
ESTAT:TPS00066(1.0),13/06/24 23:00:00,A,PC,T,Y25-64,ED5-8,RS,2012,15.9,
ESTAT:TPS00066(1.0),13/06/24 23:00:00,A,PC,T,Y25-64,ED5-8,RS,2013,17.2,
ESTAT:TPS00066(1.0),13/06/24 23:00:00,A,PC,T,Y25-64,ED5-8,RS,2014,14.5,b
ESTAT:TPS00066(1.0),13/06/24 23:00:00,A,PC,T,Y25-64,ED5-8,RS,2015,14.3,
ESTAT:TPS00066(1.0),13/06/24 23:00:00,A,PC,T,Y25-64,ED5-8,RS,2016,13.4,
ESTAT:TPS00066(1.0),13/06/24 23:00:00,A,PC,T,Y25-64,ED5-8,RS,2017,11.8,
ESTAT:TPS00066(1.0),13/06/24 23:00:00,A,PC,T,Y25-64,ED5-8,RS,2018,10.6,
ESTAT:TPS00066(1.0),13/06/24 23:00:00,A,PC,T,Y25-64,ED5-8,RS,2019,8.1,
ESTAT:TPS00066(1.0),13/06/24 23:00:00,A,PC,T,Y25-64,ED5-8,RS,2020,7.6,
ESTAT:TPS00066(1.0),13/06/24 23:00:00,A,PC,T,Y25-64,ED5-8,RS,2021,8.4,b
ESTAT:TPS00066(1.0),13/06/24 23:00:00,A,PC,T,Y25-64,ED5-8,RS,2022,6.2,
ESTAT:TPS00066(1.0),13/06/24 23:00:00,A,PC,T,Y25-64,ED5-8,RS,2023,6.4,b
ESTAT:TPS00066(1.0),13/06/24 23:00:00,A,PC,T,Y25-64,ED5-8,SE,2012,4.0,
ESTAT:TPS00066(1.0),13/06/24 23:00:00,A,PC,T,Y25-64,ED5-8,SE,2013,4.0,
ESTAT:TPS00066(1.0),13/06/24 23:00:00,A,PC,T,Y25-64,ED5-8,SE,2014,4.0,b
ESTAT:TPS00066(1.0),13/06/24 23:00:00,A,PC,T,Y25-64,ED5-8,SE,2015,4.0,
ESTAT:TPS00066(1.0),13/06/24 23:00:00,A,PC,T,Y25-64,ED5-8,SE,2016,3.8,
ESTAT:TPS00066(1.0),13/06/24 23:00:00,A,PC,T,Y25-64,ED5-8,SE,2017,3.9,
ESTAT:TPS00066(1.0),13/06/24 23:00:00,A,PC,T,Y25-64,ED5-8,SE,2018,3.6,b
ESTAT:TPS00066(1.0),13/06/24 23:00:00,A,PC,T,Y25-64,ED5-8,SE,2019,3.5,
ESTAT:TPS00066(1.0),13/06/24 23:00:00,A,PC,T,Y25-64,ED5-8,SE,2020,4.6,
ESTAT:TPS00066(1.0),13/06/24 23:00:00,A,PC,T,Y25-64,ED5-8,SE,2021,4.3,b
ESTAT:TPS00066(1.0),13/06/24 23:00:00,A,PC,T,Y25-64,ED5-8,SE,2022,3.2,
ESTAT:TPS00066(1.0),13/06/24 23:00:00,A,PC,T,Y25-64,ED5-8,SE,2023,3.7,
ESTAT:TPS00066(1.0),13/06/24 23:00:00,A,PC,T,Y25-64,ED5-8,SI,2012,5.8,
ESTAT:TPS00066(1.0),13/06/24 23:00:00,A,PC,T,Y25-64,ED5-8,SI,2013,5.8,
ESTAT:TPS00066(1.0),13/06/24 23:00:00,A,PC,T,Y25-64,ED5-8,SI,2014,6.0,b
ESTAT:TPS00066(1.0),13/06/24 23:00:00,A,PC,T,Y25-64,ED5-8,SI,2015,5.7,
ESTAT:TPS00066(1.0),13/06/24 23:00:00,A,PC,T,Y25-64,ED5-8,SI,2016,6.0,
ESTAT:TPS00066(1.0),13/06/24 23:00:00,A,PC,T,Y25-64,ED5-8,SI,2017,5.2,
ESTAT:TPS00066(1.0),13/06/24 23:00:00,A,PC,T,Y25-64,ED5-8,SI,2018,3.6,
ESTAT:TPS00066(1.0),13/06/24 23:00:00,A,PC,T,Y25-64,ED5-8,SI,2019,3.0,
ESTAT:TPS00066(1.0),13/06/24 23:00:00,A,PC,T,Y25-64,ED5-8,SI,2020,3.0,
ESTAT:TPS00066(1.0),13/06/24 23:00:00,A,PC,T,Y25-64,ED5-8,SI,2021,3.2,b
ESTAT:TPS00066(1.0),13/06/24 23:00:00,A,PC,T,Y25-64,ED5-8,SI,2022,2.6,
ESTAT:TPS00066(1.0),13/06/24 23:00:00,A,PC,T,Y25-64,ED5-8,SI,2023,2.1,b
ESTAT:TPS00066(1.0),13/06/24 23:00:00,A,PC,T,Y25-64,ED5-8,SK,2012,6.0,
ESTAT:TPS00066(1.0),13/06/24 23:00:00,A,PC,T,Y25-64,ED5-8,SK,2013,6.5,
ESTAT:TPS00066(1.0),13/06/24 23:00:00,A,PC,T,Y25-64,ED5-8,SK,2014,5.8,b
ESTAT:TPS00066(1.0),13/06/24 23:00:00,A,PC,T,Y25-64,ED5-8,SK,2015,5.6,
ESTAT:TPS00066(1.0),13/06/24 23:00:00,A,PC,T,Y25-64,ED5-8,SK,2016,5.1,
ESTAT:TPS00066(1.0),13/06/24 23:00:00,A,PC,T,Y25-64,ED5-8,SK,2017,3.6,
ESTAT:TPS00066(1.0),13/06/24 23:00:00,A,PC,T,Y25-64,ED5-8,SK,2018,2.8,
ESTAT:TPS00066(1.0),13/06/24 23:00:00,A,PC,T,Y25-64,ED5-8,SK,2019,2.3,
ESTAT:TPS00066(1.0),13/06/24 23:00:00,A,PC,T,Y25-64,ED5-8,SK,2020,3.3,
ESTAT:TPS00066(1.0),13/06/24 23:00:00,A,PC,T,Y25-64,ED5-8,SK,2021,2.9,b
ESTAT:TPS00066(1.0),13/06/24 23:00:00,A,PC,T,Y25-64,ED5-8,SK,2022,2.2,
ESTAT:TPS00066(1.0),13/06/24 23:00:00,A,PC,T,Y25-64,ED5-8,SK,2023,1.9,
ESTAT:TPS00066(1.0),13/06/24 23:00:00,A,PC,T,Y25-64,ED5-8,TR,2012,6.7,
ESTAT:TPS00066(1.0),13/06/24 23:00:00,A,PC,T,Y25-64,ED5-8,TR,2013,6.9,
ESTAT:TPS00066(1.0),13/06/24 23:00:00,A,PC,T,Y25-64,ED5-8,TR,2014,8.1,b
ESTAT:TPS00066(1.0),13/06/24 23:00:00,A,PC,T,Y25-64,ED5-8,TR,2015,8.3,
ESTAT:TPS00066(1.0),13/06/24 23:00:00,A,PC,T,Y25-64,ED5-8,TR,2016,9.3,
ESTAT:TPS00066(1.0),13/06/24 23:00:00,A,PC,T,Y25-64,ED5-8,TR,2017,9.4,
ESTAT:TPS00066(1.0),13/06/24 23:00:00,A,PC,T,Y25-64,ED5-8,TR,2018,9.8,
ESTAT:TPS00066(1.0),13/06/24 23:00:00,A,PC,T,Y25-64,ED5-8,TR,2019,10.6,
ESTAT:TPS00066(1.0),13/06/24 23:00:00,A,PC,T,Y25-64,ED5-8,TR,2020,10.0,
ESTAT:TPS00066(1.0),13/06/24 23:00:00,A,PC,T,Y25-64,ED5-8,TR,2021,10.0,b
ESTAT:TPS00066(1.0),13/06/24 23:00:00,A,PC,T,Y25-64,ED5-8,TR,2022,9.4,
ESTAT:TPS00066(1.0),13/06/24 23:00:00,A,PC,T,Y25-64,ED5-8,TR,2023,8.2,
ESTAT:TPS00066(1.0),13/06/24 23:00:00,A,PC,T,Y25-64,ED5-8,UK,2012,3.7,
ESTAT:TPS00066(1.0),13/06/24 23:00:00,A,PC,T,Y25-64,ED5-8,UK,2013,3.2,
ESTAT:TPS00066(1.0),13/06/24 23:00:00,A,PC,T,Y25-64,ED5-8,UK,2014,2.7,b
ESTAT:TPS00066(1.0),13/06/24 23:00:00,A,PC,T,Y25-64,ED5-8,UK,2015,2.5,
ESTAT:TPS00066(1.0),13/06/24 23:00:00,A,PC,T,Y25-64,ED5-8,UK,2016,2.6,
ESTAT:TPS00066(1.0),13/06/24 23:00:00,A,PC,T,Y25-64,ED5-8,UK,2017,2.4,
ESTAT:TPS00066(1.0),13/06/24 23:00:00,A,PC,T,Y25-64,ED5-8,UK,2018,2.1,
ESTAT:TPS00066(1.0),13/06/24 23:00:00,A,PC,T,Y25-64,ED5-8,UK,2019,2.0,
